0,1.13457e-05
1,1.39276e-05
2,1.60704e-05
3,1.17676e-05
4,9.27805e-06
5,7.66874e-06
6,6.53535e-06
7,5.59272e-06
8,4.80253e-06
9,4.14446e-06
10,3.61676e-06
11,3.1701e-06
12,2.79871e-06
13,2.42677e-06
14,2.16282e-06
15,1.92104e-06
16,1.71378e-06
17,1.52171e-06
18,1.35723e-06
19,1.21251e-06
20,1.06899e-06
21,9.42446e-07
22,8.25605e-07
23,7.42394e-07
24,6.2777e-07
25,5.24897e-07
26,4.26211e-07
27,3.38775e-07
28,2.45404e-07
29,1.59474e-07
30,8.43704e-08
31,1.28574e-08
32,-5.10298e-08
33,-1.05705e-07
34,-1.59231e-07
35,-2.05282e-07
36,-2.46902e-07
37,-2.89548e-07
38,-3.23902e-07
39,-3.5846e-07
40,-3.89587e-07
41,-4.17441e-07
42,-4.44242e-07
43,-4.68137e-07
44,-4.88513e-07
45,-5.09364e-07
46,-5.30477e-07
47,-5.44272e-07
48,-5.57655e-07
49,-5.67404e-07
50,-5.76627e-07
51,-5.88896e-07
52,-6.01664e-07
53,-6.11685e-07
54,-6.23916e-07
55,-6.36482e-07
56,-6.46525e-07
57,-6.61162e-07
58,-6.73119e-07
59,-6.83232e-07
60,-6.94936e-07
61,-7.0367e-07
62,-7.10626e-07
63,-7.18846e-07
64,-7.23331e-07
65,-7.28982e-07
66,-7.34122e-07
67,-7.40198e-07
68,-7.45671e-07
69,-7.53263e-07
70,-7.60977e-07
71,-7.70503e-07
72,-7.82455e-07
73,-7.94224e-07
74,-8.07764e-07
75,-8.2047e-07
76,-8.32458e-07
77,-8.42464e-07
78,-8.53677e-07
79,-8.63928e-07
80,-8.74251e-07
81,-8.82402e-07
82,-8.89205e-07
83,-8.9703e-07
84,-9.02884e-07
85,-9.08089e-07
86,-9.16799e-07
87,-9.2512e-07
88,-9.34662e-07
89,-9.43381e-07
90,-9.48025e-07
91,-9.52737e-07
92,-9.57851e-07
93,-9.60472e-07
94,-9.6441e-07
95,-9.69088e-07
96,-9.72632e-07
97,-9.7635e-07
98,-9.78342e-07
99,-9.83079e-07
100,-9.90224e-07
101,-9.96289e-07
102,-1.00162e-06
103,-1.00927e-06
104,-1.01726e-06
105,-1.02526e-06
106,-1.03138e-06
107,-1.03652e-06
108,-1.04213e-06
109,-1.04814e-06
110,-1.05414e-06
111,-1.06134e-06
112,-1.06781e-06
113,-1.07282e-06
114,-1.07728e-06
115,-1.0812e-06
116,-1.08544e-06
117,-1.09179e-06
118,-1.09688e-06
119,-1.10105e-06
120,-1.10552e-06
121,-1.10885e-06
122,-1.11452e-06
123,-1.11934e-06
124,-1.12531e-06
125,-1.13017e-06
126,-1.13425e-06
127,-1.13683e-06
128,-1.13923e-06
129,-1.1416e-06
130,-1.14315e-06
131,-1.14655e-06
132,-1.14771e-06
133,-1.14996e-06
134,-1.15096e-06
135,-1.15278e-06
136,-1.15202e-06
137,-1.15094e-06
138,-1.15071e-06
139,-1.15017e-06
140,-1.15081e-06
141,-1.14969e-06
142,-1.15003e-06
143,-1.15004e-06
144,-1.15059e-06
145,-1.15032e-06
146,-1.15031e-06
147,-1.15032e-06
148,-1.15062e-06
149,-1.15113e-06
150,-1.15086e-06
151,-1.15201e-06
152,-1.15238e-06
153,-1.15425e-06
154,-1.15548e-06
155,-1.15741e-06
156,-1.15863e-06
157,-1.15997e-06
158,-1.16142e-06
159,-1.16268e-06
160,-1.16453e-06
161,-1.16534e-06
162,-1.16589e-06
163,-1.16595e-06
164,-1.16547e-06
165,-1.16541e-06
166,-1.16605e-06
167,-1.16643e-06
168,-1.1672e-06
169,-1.16755e-06
170,-1.16705e-06
171,-1.16745e-06
172,-1.16769e-06
173,-1.1673e-06
174,-1.16792e-06
175,-1.16769e-06
176,-1.1675e-06
177,-1.16849e-06
178,-1.16838e-06
179,-1.16844e-06
180,-1.16895e-06
181,-1.16909e-06
182,-1.1697e-06
183,-1.17071e-06
184,-1.17122e-06
185,-1.17167e-06
186,-1.17136e-06
187,-1.17062e-06
188,-1.17089e-06
189,-1.17086e-06
190,-1.17075e-06
191,-1.17104e-06
192,-1.1711e-06
193,-1.17049e-06
194,-1.16951e-06
195,-1.16931e-06
196,-1.16972e-06
197,-1.17033e-06
198,-1.16998e-06
199,-1.17046e-06
200,-1.17156e-06
201,-1.17246e-06
202,-1.17354e-06
203,-1.17465e-06
204,-1.17664e-06
205,-1.17903e-06
206,-1.1808e-06
207,-1.18194e-06
208,-1.18378e-06
209,-1.18563e-06
210,-1.18672e-06
211,-1.1876e-06
212,-1.18808e-06
213,-1.18845e-06
214,-1.18841e-06
215,-1.18839e-06
216,-1.18884e-06
217,-1.18981e-06
218,-1.19061e-06
219,-1.19061e-06
220,-1.19033e-06
221,-1.19078e-06
222,-1.19152e-06
223,-1.19262e-06
224,-1.19399e-06
225,-1.19462e-06
226,-1.19518e-06
227,-1.19552e-06
228,-1.19538e-06
229,-1.19597e-06
230,-1.19645e-06
231,-1.19633e-06
232,-1.1959e-06
233,-1.19562e-06
234,-1.19532e-06
235,-1.19503e-06
236,-1.19505e-06
237,-1.19505e-06
238,-1.19516e-06
239,-1.19532e-06
240,-1.19584e-06
241,-1.19639e-06
242,-1.1971e-06
243,-1.19783e-06
244,-1.1983e-06
245,-1.19905e-06
246,-1.19985e-06
247,-1.20035e-06
248,-1.20092e-06
249,-1.20145e-06
250,-1.20221e-06
251,-1.20251e-06
252,-1.20344e-06
253,-1.20457e-06
254,-1.20559e-06
255,-1.20659e-06
256,-1.20784e-06
257,-1.20931e-06
258,-1.21132e-06
259,-1.21305e-06
260,-1.21468e-06
261,-1.21629e-06
262,-1.21782e-06
263,-1.21926e-06
264,-1.22129e-06
265,-1.22295e-06
266,-1.22396e-06
267,-1.22438e-06
268,-1.22436e-06
269,-1.22397e-06
270,-1.224e-06
271,-1.22446e-06
272,-1.22434e-06
273,-1.22414e-06
274,-1.22373e-06
275,-1.22396e-06
276,-1.22398e-06
277,-1.22473e-06
278,-1.22551e-06
279,-1.22632e-06
280,-1.22626e-06
281,-1.22649e-06
282,-1.22726e-06
283,-1.22846e-06
284,-1.22938e-06
285,-1.23019e-06
286,-1.23113e-06
287,-1.23195e-06
288,-1.23297e-06
289,-1.23426e-06
290,-1.23633e-06
291,-1.23783e-06
292,-1.23871e-06
293,-1.23909e-06
294,-1.23956e-06
295,-1.23933e-06
296,-1.23973e-06
297,-1.24031e-06
298,-1.24046e-06
299,-1.24071e-06
300,-1.24071e-06
301,-1.24143e-06
302,-1.24374e-06
303,-1.24576e-06
304,-1.24821e-06
305,-1.2517e-06
306,-1.25487e-06
307,-1.25756e-06
308,-1.26026e-06
309,-1.26273e-06
310,-1.2662e-06
311,-1.26909e-06
312,-1.27062e-06
313,-1.27242e-06
314,-1.2737e-06
315,-1.27481e-06
316,-1.2754e-06
317,-1.27622e-06
318,-1.27778e-06
319,-1.27969e-06
320,-1.28004e-06
321,-1.28045e-06
322,-1.28099e-06
323,-1.28148e-06
324,-1.2817e-06
325,-1.28191e-06
326,-1.2827e-06
327,-1.28347e-06
328,-1.28334e-06
329,-1.28342e-06
330,-1.2842e-06
331,-1.28487e-06
332,-1.28555e-06
333,-1.28599e-06
334,-1.28671e-06
335,-1.28745e-06
336,-1.28806e-06
337,-1.28855e-06
338,-1.28979e-06
339,-1.29067e-06
340,-1.29169e-06
341,-1.29336e-06
342,-1.29547e-06
343,-1.29806e-06
344,-1.30102e-06
345,-1.30364e-06
346,-1.30631e-06
347,-1.30966e-06
348,-1.31288e-06
349,-1.31659e-06
350,-1.32058e-06
351,-1.32366e-06
352,-1.32647e-06
353,-1.32893e-06
354,-1.33113e-06
355,-1.33353e-06
356,-1.33618e-06
357,-1.33815e-06
358,-1.33997e-06
359,-1.34082e-06
360,-1.34143e-06
361,-1.34266e-06
362,-1.34401e-06
363,-1.34509e-06
364,-1.34677e-06
365,-1.34829e-06
366,-1.3496e-06
367,-1.35171e-06
368,-1.35331e-06
369,-1.35578e-06
370,-1.35643e-06
371,-1.35744e-06
372,-1.35923e-06
373,-1.36047e-06
374,-1.3614e-06
375,-1.36177e-06
376,-1.36241e-06
377,-1.36148e-06
378,-1.36113e-06
379,-1.36005e-06
380,-1.3603e-06
381,-1.35999e-06
382,-1.35826e-06
383,-1.3571e-06
384,-1.35575e-06
385,-1.35517e-06
386,-1.35386e-06
387,-1.35406e-06
388,-1.35377e-06
389,-1.35345e-06
390,-1.35287e-06
391,-1.35309e-06
392,-1.35375e-06
393,-1.35415e-06
394,-1.35472e-06
395,-1.35494e-06
396,-1.35604e-06
397,-1.35642e-06
398,-1.35761e-06
399,-1.35879e-06
400,-1.3604e-06
401,-1.36082e-06
402,-1.36198e-06
403,-1.36402e-06
404,-1.36575e-06
405,-1.36735e-06
406,-1.36859e-06
407,-1.36988e-06
408,-1.36989e-06
409,-1.37019e-06
410,-1.37016e-06
411,-1.36977e-06
412,-1.36854e-06
413,-1.36706e-06
414,-1.36587e-06
415,-1.36457e-06
416,-1.36318e-06
417,-1.36226e-06
418,-1.36276e-06
419,-1.36305e-06
420,-1.36348e-06
421,-1.36444e-06
422,-1.365e-06
423,-1.36578e-06
424,-1.36671e-06
425,-1.36801e-06
426,-1.36945e-06
427,-1.37004e-06
428,-1.37009e-06
429,-1.36996e-06
430,-1.36947e-06
431,-1.36875e-06
432,-1.36885e-06
433,-1.36856e-06
434,-1.36815e-06
435,-1.36739e-06
436,-1.36719e-06
437,-1.36763e-06
438,-1.3672e-06
439,-1.36738e-06
440,-1.36742e-06
441,-1.36767e-06
442,-1.36796e-06
443,-1.36843e-06
444,-1.36879e-06
445,-1.36904e-06
446,-1.37027e-06
447,-1.37176e-06
448,-1.37208e-06
449,-1.3719e-06
450,-1.36992e-06
451,-1.36724e-06
452,-1.36591e-06
453,-1.36435e-06
454,-1.36191e-06
455,-1.35981e-06
456,-1.35653e-06
457,-1.35242e-06
458,-1.34945e-06
459,-1.34511e-06
460,-1.3432e-06
461,-1.34174e-06
462,-1.33944e-06
463,-1.33833e-06
464,-1.33905e-06
465,-1.33815e-06
466,-1.33767e-06
467,-1.33778e-06
468,-1.3364e-06
469,-1.33537e-06
470,-1.33285e-06
471,-1.33045e-06
472,-1.3275e-06
473,-1.32213e-06
474,-1.31591e-06
475,-1.31011e-06
476,-1.30492e-06
477,-1.30124e-06
478,-1.29987e-06
479,-1.29942e-06
480,-1.29949e-06
481,-1.30017e-06
482,-1.30151e-06
483,-1.30504e-06
484,-1.30814e-06
485,-1.31106e-06
486,-1.31328e-06
487,-1.31376e-06
488,-1.31243e-06
489,-1.31202e-06
490,-1.31099e-06
491,-1.30871e-06
492,-1.30679e-06
493,-1.3044e-06
494,-1.30364e-06
495,-1.304e-06
496,-1.30477e-06
497,-1.30557e-06
498,-1.30689e-06
499,-1.3078e-06
500,-1.30822e-06
501,-1.30925e-06
502,-1.3103e-06
503,-1.31129e-06
504,-1.31137e-06
505,-1.31009e-06
506,-1.30892e-06
507,-1.30757e-06
508,-1.30591e-06
509,-1.30339e-06
510,-1.30156e-06
511,-1.29963e-06
512,-1.29622e-06
513,-1.29323e-06
514,-1.2903e-06
515,-1.28837e-06
516,-1.28683e-06
517,-1.28576e-06
518,-1.28418e-06
519,-1.28358e-06
520,-1.28304e-06
521,-1.28252e-06
522,-1.28282e-06
523,-1.28292e-06
524,-1.28307e-06
525,-1.28237e-06
526,-1.28116e-06
527,-1.28054e-06
528,-1.28066e-06
529,-1.28102e-06
530,-1.28082e-06
531,-1.28235e-06
532,-1.28314e-06
533,-1.28242e-06
534,-1.28044e-06
535,-1.27863e-06
536,-1.28422e-06
537,-1.29113e-06
538,-1.29846e-06
539,-1.30613e-06
540,-1.31374e-06
541,-1.32004e-06
542,-1.32686e-06
543,-1.33543e-06
544,-1.34561e-06
545,-1.35583e-06
546,-1.35851e-06
547,-1.35917e-06
548,-1.35917e-06
549,-1.35863e-06
550,-1.35874e-06
551,-1.35802e-06
552,-1.35683e-06
553,-1.35522e-06
554,-1.35311e-06
555,-1.35105e-06
556,-1.34924e-06
557,-1.34745e-06
558,-1.34503e-06
559,-1.34214e-06
560,-1.3388e-06
561,-1.33586e-06
562,-1.33323e-06
563,-1.33018e-06
564,-1.32712e-06
565,-1.32412e-06
566,-1.32065e-06
567,-1.31785e-06
568,-1.31636e-06
569,-1.31527e-06
570,-1.31473e-06
571,-1.3138e-06
572,-1.31328e-06
573,-1.31211e-06
574,-1.31019e-06
575,-1.30798e-06
576,-1.30651e-06
577,-1.30413e-06
578,-1.30132e-06
579,-1.29588e-06
580,-1.28931e-06
581,-1.27805e-06
582,-1.26707e-06
583,-1.25714e-06
584,-1.24721e-06
585,-1.23787e-06
586,-1.22881e-06
587,-1.21829e-06
588,-1.20792e-06
589,-1.19986e-06
590,-1.19227e-06
591,-1.1892e-06
592,-1.18562e-06
593,-1.18189e-06
594,-1.17899e-06
595,-1.17525e-06
596,-1.17122e-06
597,-1.16907e-06
598,-1.16783e-06
599,-1.16721e-06
600,-1.16688e-06
601,-1.16754e-06
602,-1.16815e-06
603,-1.16953e-06
604,-1.17072e-06
605,-1.17297e-06
606,-1.17529e-06
607,-1.17719e-06
608,-1.17771e-06
609,-1.17728e-06
610,-1.17694e-06
611,-1.17581e-06
612,-1.17535e-06
613,-1.17417e-06
614,-1.17346e-06
615,-1.1723e-06
616,-1.17123e-06
617,-1.16989e-06
618,-1.16995e-06
619,-1.17081e-06
620,-1.17097e-06
621,-1.17111e-06
622,-1.17045e-06
623,-1.16946e-06
624,-1.16823e-06
625,-1.16687e-06
626,-1.16555e-06
627,-1.1647e-06
628,-1.16304e-06
629,-1.1617e-06
630,-1.1603e-06
631,-1.15961e-06
632,-1.15969e-06
633,-1.15955e-06
634,-1.1591e-06
635,-1.1589e-06
636,-1.15832e-06
637,-1.15798e-06
638,-1.15725e-06
639,-1.1567e-06
640,-1.15659e-06
641,-1.15607e-06
642,-1.15515e-06
643,-1.1543e-06
644,-1.15418e-06
645,-1.15432e-06
646,-1.15459e-06
647,-1.15484e-06
648,-1.15507e-06
649,-1.15408e-06
650,-1.15365e-06
651,-1.15354e-06
652,-1.15441e-06
653,-1.15607e-06
654,-1.15793e-06
655,-1.16e-06
656,-1.16196e-06
657,-1.16401e-06
658,-1.16666e-06
659,-1.17024e-06
660,-1.17373e-06
661,-1.17747e-06
662,-1.18051e-06
663,-1.18377e-06
664,-1.18655e-06
665,-1.1888e-06
666,-1.19149e-06
667,-1.19492e-06
668,-1.19838e-06
669,-1.20177e-06
670,-1.20539e-06
671,-1.20924e-06
672,-1.21322e-06
673,-1.21576e-06
674,-1.21422e-06
675,-1.21715e-06
676,-1.21943e-06
677,-1.2208e-06
678,-1.22256e-06
679,-1.22388e-06
680,-1.22486e-06
681,-1.22592e-06
682,-1.22687e-06
683,-1.22868e-06
684,-1.23052e-06
685,-1.23258e-06
686,-1.23486e-06
687,-1.23743e-06
688,-1.2392e-06
689,-1.24086e-06
690,-1.24286e-06
691,-1.24439e-06
692,-1.24584e-06
693,-1.24807e-06
694,-1.25001e-06
695,-1.25175e-06
696,-1.25442e-06
697,-1.2572e-06
698,-1.26012e-06
699,-1.26314e-06
700,-1.266e-06
701,-1.26904e-06
702,-1.27204e-06
703,-1.27423e-06
704,-1.27644e-06
705,-1.27859e-06
706,-1.28056e-06
707,-1.28227e-06
708,-1.28444e-06
709,-1.28683e-06
710,-1.28983e-06
711,-1.29271e-06
712,-1.29596e-06
713,-1.29967e-06
714,-1.30335e-06
715,-1.30749e-06
716,-1.31155e-06
717,-1.31652e-06
718,-1.32133e-06
719,-1.32597e-06
720,-1.33001e-06
721,-1.33431e-06
722,-1.33914e-06
723,-1.3442e-06
724,-1.34933e-06
725,-1.35461e-06
726,-1.35985e-06
727,-1.36457e-06
728,-1.36973e-06
729,-1.37528e-06
730,-1.3808e-06
731,-1.38618e-06
732,-1.3912e-06
733,-1.39587e-06
734,-1.40043e-06
735,-1.40465e-06
736,-1.40851e-06
737,-1.41265e-06
738,-1.41645e-06
739,-1.42015e-06
740,-1.42368e-06
741,-1.42778e-06
742,-1.43172e-06
743,-1.43549e-06
744,-1.43971e-06
745,-1.4436e-06
746,-1.44708e-06
747,-1.45012e-06
748,-1.45292e-06
749,-1.45582e-06
750,-1.45875e-06
751,-1.4612e-06
752,-1.464e-06
753,-1.46677e-06
754,-1.46952e-06
755,-1.4727e-06
756,-1.47594e-06
757,-1.4792e-06
758,-1.48268e-06
759,-1.48598e-06
760,-1.48963e-06
761,-1.49292e-06
762,-1.49582e-06
763,-1.49906e-06
764,-1.50223e-06
765,-1.50543e-06
766,-1.50894e-06
767,-1.5125e-06
768,-1.51572e-06
769,-1.51883e-06
770,-1.52168e-06
771,-1.52498e-06
772,-1.52843e-06
773,-1.53174e-06
774,-1.53489e-06
775,-1.53761e-06
776,-1.54076e-06
777,-1.5438e-06
778,-1.54706e-06
779,-1.55045e-06
780,-1.55372e-06
781,-1.55711e-06
782,-1.56046e-06
783,-1.5637e-06
784,-1.56706e-06
785,-1.57048e-06
786,-1.57361e-06
787,-1.57682e-06
788,-1.58001e-06
789,-1.58336e-06
790,-1.58682e-06
791,-1.59035e-06
792,-1.5936e-06
793,-1.59721e-06
794,-1.60059e-06
795,-1.60403e-06
796,-1.60756e-06
797,-1.61103e-06
798,-1.61441e-06
799,-1.61771e-06
800,-1.62122e-06
801,-1.62437e-06
802,-1.62787e-06
803,-1.63107e-06
804,-1.63429e-06
805,-1.6375e-06
806,-1.64049e-06
807,-1.64357e-06
808,-1.64659e-06
809,-1.64968e-06
810,-1.65242e-06
811,-1.65533e-06
812,-1.65801e-06
813,-1.66068e-06
814,-1.66334e-06
815,-1.66606e-06
816,-1.66887e-06
817,-1.67135e-06
818,-1.67407e-06
819,-1.67649e-06
820,-1.679e-06
821,-1.68126e-06
822,-1.68359e-06
823,-1.68585e-06
824,-1.68817e-06
825,-1.69044e-06
826,-1.69282e-06
827,-1.69535e-06
828,-1.69778e-06
829,-1.70024e-06
830,-1.70281e-06
831,-1.7055e-06
832,-1.7082e-06
833,-1.71094e-06
834,-1.7137e-06
835,-1.71661e-06
836,-1.71943e-06
837,-1.72224e-06
838,-1.72478e-06
839,-1.72745e-06
840,-1.72984e-06
841,-1.73212e-06
842,-1.73423e-06
843,-1.73639e-06
844,-1.73836e-06
845,-1.74033e-06
846,-1.74227e-06
847,-1.74423e-06
848,-1.74637e-06
849,-1.74854e-06
850,-1.75093e-06
851,-1.7534e-06
852,-1.75597e-06
853,-1.75856e-06
854,-1.76129e-06
855,-1.76384e-06
856,-1.76641e-06
857,-1.76899e-06
858,-1.77161e-06
859,-1.77408e-06
860,-1.77668e-06
861,-1.77916e-06
862,-1.78171e-06
863,-1.78414e-06
864,-1.78659e-06
865,-1.78887e-06
866,-1.79122e-06
867,-1.79337e-06
868,-1.79555e-06
869,-1.7977e-06
870,-1.79975e-06
871,-1.80178e-06
872,-1.80374e-06
873,-1.8057e-06
874,-1.80766e-06
875,-1.80986e-06
876,-1.81191e-06
877,-1.81408e-06
878,-1.81612e-06
879,-1.81826e-06
880,-1.82027e-06
881,-1.82244e-06
882,-1.82452e-06
883,-1.82665e-06
884,-1.82877e-06
885,-1.83083e-06
886,-1.83298e-06
887,-1.83505e-06
888,-1.83716e-06
889,-1.83916e-06
890,-1.84117e-06
891,-1.84314e-06
892,-1.8451e-06
893,-1.84712e-06
894,-1.84894e-06
895,-1.85088e-06
896,-1.85274e-06
897,-1.85468e-06
898,-1.85654e-06
899,-1.85829e-06
900,-1.86002e-06
901,-1.86164e-06
902,-1.86331e-06
903,-1.86488e-06
904,-1.86651e-06
905,-1.86806e-06
906,-1.86954e-06
907,-1.87104e-06
908,-1.87249e-06
909,-1.87402e-06
910,-1.87562e-06
911,-1.87708e-06
912,-1.87858e-06
913,-1.88003e-06
914,-1.88153e-06
915,-1.88304e-06
916,-1.88448e-06
917,-1.88591e-06
918,-1.88728e-06
919,-1.88863e-06
920,-1.89004e-06
921,-1.89149e-06
922,-1.89282e-06
923,-1.89419e-06
924,-1.89545e-06
925,-1.89675e-06
926,-1.89807e-06
927,-1.89935e-06
928,-1.90078e-06
929,-1.90216e-06
930,-1.90333e-06
931,-1.90446e-06
932,-1.90553e-06
933,-1.90654e-06
934,-1.90759e-06
935,-1.90842e-06
936,-1.90942e-06
937,-1.91153e-06
938,-1.91381e-06
939,-1.91627e-06
940,-1.9181e-06
941,-1.92022e-06
942,-1.92269e-06
943,-1.92539e-06
944,-1.92806e-06
945,-1.93089e-06
946,-1.9334e-06
947,-1.93558e-06
948,-1.9372e-06
949,-1.9388e-06
950,-1.94092e-06
951,-1.94276e-06
952,-1.94428e-06
953,-1.94521e-06
954,-1.94599e-06
955,-1.94658e-06
956,-1.94711e-06
957,-1.94777e-06
958,-1.94871e-06
959,-1.94932e-06
960,-1.9501e-06
961,-1.95208e-06
962,-1.95336e-06
963,-1.95495e-06
964,-1.95662e-06
965,-1.95805e-06
966,-1.95936e-06
967,-1.96062e-06
968,-1.96178e-06
969,-1.96648e-06
970,-1.97112e-06
971,-1.97461e-06
972,-1.9786e-06
973,-1.98283e-06
974,-1.98694e-06
975,-1.99117e-06
976,-1.99488e-06
977,-1.99814e-06
978,-2.00152e-06
979,-2.00201e-06
980,-2.00536e-06
981,-2.00983e-06
982,-2.01479e-06
983,-2.01935e-06
984,-2.02412e-06
985,-2.02911e-06
986,-2.03462e-06
987,-2.04066e-06
988,-2.04654e-06
989,-2.05186e-06
990,-2.0542e-06
991,-2.055e-06
992,-2.0552e-06
993,-2.05529e-06
994,-2.05479e-06
995,-2.0543e-06
996,-2.05369e-06
997,-2.05285e-06
998,-2.05206e-06
999,-2.05126e-06
1000,-2.04988e-06
1001,-2.04883e-06
1002,-2.0478e-06
1003,-2.04659e-06
1004,-2.04586e-06
1005,-2.04489e-06
1006,-2.04405e-06
1007,-2.04333e-06
1008,-2.04259e-06
1009,-2.04151e-06
1010,-2.04072e-06
1011,-2.04017e-06
1012,-2.03938e-06
1013,-2.03857e-06
1014,-2.03745e-06
1015,-2.03625e-06
1016,-2.03501e-06
1017,-2.03369e-06
1018,-2.03243e-06
1019,-2.03151e-06
1020,-2.03079e-06
1021,-2.02991e-06
1022,-2.02893e-06
1023,-2.02834e-06
1024,-2.02777e-06
1025,-2.02706e-06
1026,-2.02662e-06
1027,-2.02634e-06
1028,-2.02592e-06
1029,-2.02533e-06
1030,-2.02496e-06
1031,-2.02468e-06
1032,-2.02476e-06
1033,-2.02434e-06
1034,-2.02417e-06
1035,-2.02392e-06
1036,-2.02355e-06
1037,-2.02314e-06
1038,-2.02274e-06
1039,-2.02239e-06
1040,-2.02177e-06
1041,-2.02088e-06
1042,-2.02037e-06
1043,-2.02001e-06
1044,-2.01957e-06
1045,-2.01922e-06
1046,-2.01861e-06
1047,-2.01812e-06
1048,-2.01783e-06
1049,-2.01709e-06
1050,-2.01593e-06
1051,-2.01496e-06
1052,-2.01367e-06
1053,-2.01246e-06
1054,-2.01114e-06
1055,-2.0099e-06
1056,-2.00868e-06
1057,-2.00746e-06
1058,-2.00607e-06
1059,-2.0052e-06
1060,-2.00473e-06
1061,-2.00393e-06
1062,-2.00304e-06
1063,-2.00225e-06
1064,-2.00149e-06
1065,-2.00063e-06
1066,-1.9998e-06
1067,-1.99855e-06
1068,-1.99725e-06
1069,-1.99604e-06
1070,-1.9949e-06
1071,-1.99406e-06
1072,-1.99302e-06
1073,-1.9918e-06
1074,-1.9907e-06
1075,-1.98959e-06
1076,-1.98834e-06
1077,-1.98727e-06
1078,-1.98628e-06
1079,-1.9848e-06
1080,-1.98297e-06
1081,-1.98098e-06
1082,-1.9789e-06
1083,-1.97695e-06
1084,-1.97472e-06
1085,-1.97235e-06
1086,-1.97029e-06
1087,-1.96822e-06
1088,-1.96583e-06
1089,-1.96409e-06
1090,-1.96268e-06
1091,-1.96138e-06
1092,-1.96058e-06
1093,-1.95952e-06
1094,-1.95874e-06
1095,-1.9581e-06
1096,-1.95713e-06
1097,-1.95576e-06
1098,-1.95477e-06
1099,-1.95351e-06
1100,-1.95226e-06
1101,-1.95093e-06
1102,-1.94948e-06
1103,-1.94866e-06
1104,-1.94769e-06
1105,-1.94725e-06
1106,-1.9473e-06
1107,-1.94783e-06
1108,-1.9481e-06
1109,-1.94773e-06
1110,-1.94734e-06
1111,-1.94682e-06
1112,-1.94639e-06
1113,-1.94557e-06
1114,-1.94489e-06
1115,-1.94375e-06
1116,-1.94226e-06
1117,-1.94106e-06
1118,-1.93986e-06
1119,-1.93935e-06
1120,-1.93869e-06
1121,-1.93793e-06
1122,-1.93681e-06
1123,-1.93545e-06
1124,-1.93365e-06
1125,-1.93232e-06
1126,-1.93093e-06
1127,-1.92944e-06
1128,-1.92809e-06
1129,-1.92696e-06
1130,-1.92608e-06
1131,-1.92498e-06
1132,-1.92368e-06
1133,-1.92278e-06
1134,-1.9224e-06
1135,-1.92146e-06
1136,-1.9206e-06
1137,-1.91955e-06
1138,-1.91832e-06
1139,-1.91657e-06
1140,-1.91474e-06
1141,-1.9132e-06
1142,-1.91162e-06
1143,-1.91002e-06
1144,-1.90831e-06
1145,-1.90684e-06
1146,-1.9052e-06
1147,-1.9037e-06
1148,-1.90246e-06
1149,-1.90096e-06
1150,-1.89896e-06
1151,-1.89709e-06
1152,-1.89561e-06
1153,-1.89391e-06
1154,-1.89185e-06
1155,-1.89021e-06
1156,-1.88876e-06
1157,-1.88874e-06
1158,-1.88887e-06
1159,-1.88877e-06
1160,-1.88839e-06
1161,-1.88781e-06
1162,-1.88742e-06
1163,-1.88708e-06
1164,-1.88649e-06
1165,-1.88616e-06
1166,-1.88576e-06
1167,-1.88528e-06
1168,-1.88459e-06
1169,-1.88388e-06
1170,-1.88308e-06
1171,-1.88206e-06
1172,-1.88079e-06
1173,-1.87945e-06
1174,-1.8784e-06
1175,-1.87742e-06
1176,-1.87644e-06
1177,-1.87573e-06
1178,-1.87525e-06
1179,-1.87467e-06
1180,-1.87419e-06
1181,-1.87396e-06
1182,-1.87386e-06
1183,-1.87365e-06
1184,-1.87333e-06
1185,-1.87298e-06
1186,-1.87263e-06
1187,-1.87198e-06
1188,-1.87114e-06
1189,-1.87039e-06
1190,-1.86959e-06
1191,-1.86884e-06
1192,-1.86795e-06
1193,-1.86717e-06
1194,-1.8664e-06
1195,-1.86575e-06
1196,-1.86509e-06
1197,-1.86466e-06
1198,-1.86411e-06
1199,-1.86372e-06
1200,-1.86343e-06
1201,-1.86328e-06
1202,-1.86329e-06
1203,-1.86344e-06
1204,-1.86357e-06
1205,-1.86366e-06
1206,-1.86384e-06
1207,-1.86388e-06
1208,-1.86405e-06
1209,-1.86416e-06
1210,-1.86419e-06
1211,-1.864e-06
1212,-1.86392e-06
1213,-1.86379e-06
1214,-1.86371e-06
1215,-1.86356e-06
1216,-1.86329e-06
1217,-1.86315e-06
1218,-1.86304e-06
1219,-1.86299e-06
1220,-1.86292e-06
1221,-1.86286e-06
1222,-1.86248e-06
1223,-1.86201e-06
1224,-1.86142e-06
1225,-1.86067e-06
1226,-1.86003e-06
1227,-1.85928e-06
1228,-1.85853e-06
1229,-1.85755e-06
1230,-1.85659e-06
1231,-1.85568e-06
1232,-1.85489e-06
1233,-1.85403e-06
1234,-1.85325e-06
1235,-1.85253e-06
1236,-1.85187e-06
1237,-1.85125e-06
1238,-1.85057e-06
1239,-1.84995e-06
1240,-1.84936e-06
1241,-1.84883e-06
1242,-1.84839e-06
1243,-1.84805e-06
1244,-1.84763e-06
1245,-1.8472e-06
1246,-1.84671e-06
1247,-1.84622e-06
1248,-1.84578e-06
1249,-1.8454e-06
1250,-1.84504e-06
1251,-1.84464e-06
1252,-1.84421e-06
1253,-1.84372e-06
1254,-1.84327e-06
1255,-1.84291e-06
1256,-1.84254e-06
1257,-1.84224e-06
1258,-1.84191e-06
1259,-1.8416e-06
1260,-1.84129e-06
1261,-1.84099e-06
1262,-1.84064e-06
1263,-1.84026e-06
1264,-1.83996e-06
1265,-1.8396e-06
1266,-1.83923e-06
1267,-1.83876e-06
1268,-1.83833e-06
1269,-1.83795e-06
1270,-1.83755e-06
1271,-1.8371e-06
1272,-1.83661e-06
1273,-1.83617e-06
1274,-1.83566e-06
1275,-1.83514e-06
1276,-1.83463e-06
1277,-1.83416e-06
1278,-1.8337e-06
1279,-1.83325e-06
1280,-1.8328e-06
1281,-1.83234e-06
1282,-1.83196e-06
1283,-1.83149e-06
1284,-1.83115e-06
1285,-1.83097e-06
1286,-1.8308e-06
1287,-1.83064e-06
1288,-1.83042e-06
1289,-1.83012e-06
1290,-1.82971e-06
1291,-1.82931e-06
1292,-1.82891e-06
1293,-1.82858e-06
1294,-1.82808e-06
1295,-1.8275e-06
1296,-1.82694e-06
1297,-1.82637e-06
1298,-1.82582e-06
1299,-1.82534e-06
1300,-1.82503e-06
1301,-1.82475e-06
1302,-1.82439e-06
1303,-1.82395e-06
1304,-1.82354e-06
1305,-1.82305e-06
1306,-1.82266e-06
1307,-1.82223e-06
1308,-1.82184e-06
1309,-1.8214e-06
1310,-1.82093e-06
1311,-1.82045e-06
1312,-1.81999e-06
1313,-1.81957e-06
1314,-1.81909e-06
1315,-1.81865e-06
1316,-1.81814e-06
1317,-1.8177e-06
1318,-1.81726e-06
1319,-1.8168e-06
1320,-1.81631e-06
1321,-1.81581e-06
1322,-1.81535e-06
1323,-1.81492e-06
1324,-1.81452e-06
1325,-1.8141e-06
1326,-1.81363e-06
1327,-1.81322e-06
1328,-1.81273e-06
1329,-1.81231e-06
1330,-1.81186e-06
1331,-1.81142e-06
1332,-1.81097e-06
1333,-1.8105e-06
1334,-1.8101e-06
1335,-1.80966e-06
1336,-1.80923e-06
1337,-1.8087e-06
1338,-1.80828e-06
1339,-1.80783e-06
1340,-1.80741e-06
1341,-1.80697e-06
1342,-1.80657e-06
1343,-1.80618e-06
1344,-1.80572e-06
1345,-1.80533e-06
1346,-1.80494e-06
1347,-1.80462e-06
1348,-1.80428e-06
1349,-1.80396e-06
1350,-1.80357e-06
1351,-1.80326e-06
1352,-1.80289e-06
1353,-1.80256e-06
1354,-1.80228e-06
1355,-1.80199e-06
1356,-1.80168e-06
1357,-1.80132e-06
1358,-1.801e-06
1359,-1.80064e-06
1360,-1.80033e-06
1361,-1.79999e-06
1362,-1.79965e-06
1363,-1.79927e-06
1364,-1.79886e-06
1365,-1.79845e-06
1366,-1.79802e-06
1367,-1.79753e-06
1368,-1.79696e-06
1369,-1.79642e-06
1370,-1.79588e-06
1371,-1.79535e-06
1372,-1.79482e-06
1373,-1.7943e-06
1374,-1.79378e-06
1375,-1.79327e-06
1376,-1.79281e-06
1377,-1.79245e-06
1378,-1.79207e-06
1379,-1.79168e-06
1380,-1.79128e-06
1381,-1.79088e-06
1382,-1.79063e-06
1383,-1.7904e-06
1384,-1.79018e-06
1385,-1.78994e-06
1386,-1.78965e-06
1387,-1.78936e-06
1388,-1.78903e-06
1389,-1.78875e-06
1390,-1.78838e-06
1391,-1.78799e-06
1392,-1.78762e-06
1393,-1.78735e-06
1394,-1.78696e-06
1395,-1.78654e-06
1396,-1.78611e-06
1397,-1.78567e-06
1398,-1.78528e-06
1399,-1.78484e-06
1400,-1.78447e-06
1401,-1.78407e-06
1402,-1.78363e-06
1403,-1.78287e-06
1404,-1.78204e-06
1405,-1.78119e-06
1406,-1.78046e-06
1407,-1.7798e-06
1408,-1.77915e-06
1409,-1.77854e-06
1410,-1.77802e-06
1411,-1.77771e-06
1412,-1.77736e-06
1413,-1.777e-06
1414,-1.77683e-06
1415,-1.77687e-06
1416,-1.77683e-06
1417,-1.77678e-06
1418,-1.7767e-06
1419,-1.77684e-06
1420,-1.77698e-06
1421,-1.77693e-06
1422,-1.77687e-06
1423,-1.77687e-06
1424,-1.77683e-06
1425,-1.77657e-06
1426,-1.7762e-06
1427,-1.77587e-06
1428,-1.77564e-06
1429,-1.77508e-06
1430,-1.7744e-06
1431,-1.77375e-06
1432,-1.77322e-06
1433,-1.77292e-06
1434,-1.77263e-06
1435,-1.77228e-06
1436,-1.77202e-06
1437,-1.77162e-06
1438,-1.77112e-06
1439,-1.77061e-06
1440,-1.77008e-06
1441,-1.76954e-06
1442,-1.76905e-06
1443,-1.76852e-06
1444,-1.76794e-06
1445,-1.76744e-06
1446,-1.7669e-06
1447,-1.76638e-06
1448,-1.76595e-06
1449,-1.76557e-06
1450,-1.7652e-06
1451,-1.7649e-06
1452,-1.76442e-06
1453,-1.76394e-06
1454,-1.7636e-06
1455,-1.76325e-06
1456,-1.76307e-06
1457,-1.76287e-06
1458,-1.76261e-06
1459,-1.76238e-06
1460,-1.76221e-06
1461,-1.76201e-06
1462,-1.7618e-06
1463,-1.76151e-06
1464,-1.76112e-06
1465,-1.76087e-06
1466,-1.76048e-06
1467,-1.76008e-06
1468,-1.75978e-06
1469,-1.75941e-06
1470,-1.75903e-06
1471,-1.75868e-06
1472,-1.75834e-06
1473,-1.75814e-06
1474,-1.75795e-06
1475,-1.75765e-06
1476,-1.75732e-06
1477,-1.75707e-06
1478,-1.75677e-06
1479,-1.7566e-06
1480,-1.7562e-06
1481,-1.75579e-06
1482,-1.75554e-06
1483,-1.7552e-06
1484,-1.75499e-06
1485,-1.75493e-06
1486,-1.75483e-06
1487,-1.75476e-06
1488,-1.75467e-06
1489,-1.75446e-06
1490,-1.75432e-06
1491,-1.7543e-06
1492,-1.75412e-06
1493,-1.75402e-06
1494,-1.75404e-06
1495,-1.75419e-06
1496,-1.75443e-06
1497,-1.75474e-06
1498,-1.75509e-06
1499,-1.75552e-06
1500,-1.75629e-06
1501,-1.75694e-06
1502,-1.7577e-06
1503,-1.75815e-06
1504,-1.75849e-06
1505,-1.75859e-06
1506,-1.75865e-06
1507,-1.75846e-06
1508,-1.75818e-06
1509,-1.75779e-06
1510,-1.75728e-06
1511,-1.75674e-06
1512,-1.75611e-06
1513,-1.7556e-06
1514,-1.755e-06
1515,-1.75445e-06
1516,-1.75393e-06
1517,-1.7534e-06
1518,-1.75285e-06
1519,-1.75249e-06
1520,-1.75217e-06
1521,-1.75181e-06
1522,-1.75173e-06
1523,-1.75182e-06
1524,-1.75189e-06
1525,-1.75195e-06
1526,-1.75186e-06
1527,-1.75191e-06
1528,-1.75169e-06
1529,-1.75134e-06
1530,-1.75097e-06
1531,-1.75032e-06
1532,-1.74945e-06
1533,-1.74863e-06
1534,-1.74784e-06
1535,-1.74716e-06
1536,-1.74668e-06
1537,-1.74602e-06
1538,-1.74574e-06
1539,-1.74554e-06
1540,-1.74505e-06
1541,-1.74497e-06
1542,-1.74506e-06
1543,-1.74499e-06
1544,-1.74471e-06
1545,-1.74442e-06
1546,-1.74398e-06
1547,-1.74374e-06
1548,-1.74334e-06
1549,-1.74282e-06
1550,-1.74235e-06
1551,-1.74175e-06
1552,-1.74095e-06
1553,-1.74005e-06
1554,-1.73929e-06
1555,-1.73847e-06
1556,-1.73794e-06
1557,-1.73755e-06
1558,-1.73719e-06
1559,-1.73693e-06
1560,-1.73679e-06
1561,-1.73686e-06
1562,-1.73673e-06
1563,-1.73615e-06
1564,-1.73498e-06
1565,-1.73365e-06
1566,-1.73258e-06
1567,-1.73095e-06
1568,-1.72926e-06
1569,-1.72766e-06
1570,-1.726e-06
1571,-1.72475e-06
1572,-1.72327e-06
1573,-1.72196e-06
1574,-1.72132e-06
1575,-1.72109e-06
1576,-1.7207e-06
1577,-1.72104e-06
1578,-1.7215e-06
1579,-1.72181e-06
1580,-1.72231e-06
1581,-1.72266e-06
1582,-1.72281e-06
1583,-1.72284e-06
1584,-1.7228e-06
1585,-1.72246e-06
1586,-1.72215e-06
1587,-1.72169e-06
1588,-1.72128e-06
1589,-1.72101e-06
1590,-1.72082e-06
1591,-1.72057e-06
1592,-1.7206e-06
1593,-1.72072e-06
1594,-1.72095e-06
1595,-1.72138e-06
1596,-1.72152e-06
1597,-1.72171e-06
1598,-1.72189e-06
1599,-1.72202e-06
1600,-1.72172e-06
1601,-1.72131e-06
1602,-1.72075e-06
1603,-1.72011e-06
1604,-1.71931e-06
1605,-1.71848e-06
1606,-1.71791e-06
1607,-1.71719e-06
1608,-1.71632e-06
1609,-1.71537e-06
1610,-1.71473e-06
1611,-1.71416e-06
1612,-1.71367e-06
1613,-1.71321e-06
1614,-1.71294e-06
1615,-1.71277e-06
1616,-1.71294e-06
1617,-1.71333e-06
1618,-1.71377e-06
1619,-1.7146e-06
1620,-1.71527e-06
1621,-1.71617e-06
1622,-1.71714e-06
1623,-1.71826e-06
1624,-1.71931e-06
1625,-1.72034e-06
1626,-1.72108e-06
1627,-1.7219e-06
1628,-1.7229e-06
1629,-1.72383e-06
1630,-1.72487e-06
1631,-1.72578e-06
1632,-1.7267e-06
1633,-1.72764e-06
1634,-1.72883e-06
1635,-1.72995e-06
1636,-1.7312e-06
1637,-1.73236e-06
1638,-1.73339e-06
1639,-1.73446e-06
1640,-1.73559e-06
1641,-1.73693e-06
1642,-1.73831e-06
1643,-1.73976e-06
1644,-1.7411e-06
1645,-1.74271e-06
1646,-1.7443e-06
1647,-1.74593e-06
1648,-1.74776e-06
1649,-1.74939e-06
1650,-1.75108e-06
1651,-1.75267e-06
1652,-1.7544e-06
1653,-1.75589e-06
1654,-1.75742e-06
1655,-1.7588e-06
1656,-1.7602e-06
1657,-1.76164e-06
1658,-1.76296e-06
1659,-1.76435e-06
1660,-1.76574e-06
1661,-1.76729e-06
1662,-1.7686e-06
1663,-1.76998e-06
1664,-1.77132e-06
1665,-1.77284e-06
1666,-1.77444e-06
1667,-1.77602e-06
1668,-1.77758e-06
1669,-1.7792e-06
1670,-1.78097e-06
1671,-1.78244e-06
1672,-1.78407e-06
1673,-1.78569e-06
1674,-1.78738e-06
1675,-1.78895e-06
1676,-1.79036e-06
1677,-1.79174e-06
1678,-1.79315e-06
1679,-1.79461e-06
1680,-1.79597e-06
1681,-1.79749e-06
1682,-1.79888e-06
1683,-1.80033e-06
1684,-1.80171e-06
1685,-1.80295e-06
1686,-1.80418e-06
1687,-1.80547e-06
1688,-1.80682e-06
1689,-1.80805e-06
1690,-1.80923e-06
1691,-1.81036e-06
1692,-1.81147e-06
1693,-1.81252e-06
1694,-1.81359e-06
1695,-1.81473e-06
1696,-1.81594e-06
1697,-1.81714e-06
1698,-1.81824e-06
1699,-1.8195e-06
1700,-1.82084e-06
1701,-1.82222e-06
1702,-1.82365e-06
1703,-1.82514e-06
1704,-1.82664e-06
1705,-1.82814e-06
1706,-1.82957e-06
1707,-1.8309e-06
1708,-1.83223e-06
1709,-1.83346e-06
1710,-1.83466e-06
1711,-1.83582e-06
1712,-1.83701e-06
1713,-1.83813e-06
1714,-1.8393e-06
1715,-1.84046e-06
1716,-1.84166e-06
1717,-1.84288e-06
1718,-1.84418e-06
1719,-1.84553e-06
1720,-1.84681e-06
1721,-1.84806e-06
1722,-1.84934e-06
1723,-1.85071e-06
1724,-1.85197e-06
1725,-1.85328e-06
1726,-1.85467e-06
1727,-1.85612e-06
1728,-1.85749e-06
1729,-1.8588e-06
1730,-1.8602e-06
1731,-1.86083e-06
1732,-1.86136e-06
1733,-1.8619e-06
1734,-1.86251e-06
1735,-1.86314e-06
1736,-1.86374e-06
1737,-1.86438e-06
1738,-1.86505e-06
1739,-1.86658e-06
1740,-1.86808e-06
1741,-1.86962e-06
1742,-1.87122e-06
1743,-1.87276e-06
1744,-1.87426e-06
1745,-1.875e-06
1746,-1.87579e-06
1747,-1.87648e-06
1748,-1.87716e-06
1749,-1.87779e-06
1750,-1.87842e-06
1751,-1.87905e-06
1752,-1.87971e-06
1753,-1.8804e-06
1754,-1.88104e-06
1755,-1.88171e-06
1756,-1.88239e-06
1757,-1.88316e-06
1758,-1.88388e-06
1759,-1.88458e-06
1760,-1.88525e-06
1761,-1.88593e-06
1762,-1.88655e-06
1763,-1.88713e-06
1764,-1.88771e-06
1765,-1.88826e-06
1766,-1.88877e-06
1767,-1.88927e-06
1768,-1.88978e-06
1769,-1.89029e-06
1770,-1.89082e-06
1771,-1.89138e-06
1772,-1.89194e-06
1773,-1.89248e-06
1774,-1.89307e-06
1775,-1.89362e-06
1776,-1.89422e-06
1777,-1.89483e-06
1778,-1.89548e-06
1779,-1.89622e-06
1780,-1.89688e-06
1781,-1.89753e-06
1782,-1.89822e-06
1783,-1.89893e-06
1784,-1.89963e-06
1785,-1.90034e-06
1786,-1.90104e-06
1787,-1.90176e-06
1788,-1.90246e-06
1789,-1.90308e-06
1790,-1.90376e-06
1791,-1.90446e-06
1792,-1.90516e-06
1793,-1.90589e-06
1794,-1.90664e-06
1795,-1.90737e-06
1796,-1.90807e-06
1797,-1.90875e-06
1798,-1.90948e-06
1799,-1.9102e-06
1800,-1.91094e-06
1801,-1.91166e-06
1802,-1.9124e-06
1803,-1.91313e-06
1804,-1.91384e-06
1805,-1.91462e-06
1806,-1.91544e-06
1807,-1.91622e-06
1808,-1.91697e-06
1809,-1.91781e-06
1810,-1.91867e-06
1811,-1.91953e-06
1812,-1.92039e-06
1813,-1.92129e-06
1814,-1.9222e-06
1815,-1.92307e-06
1816,-1.92394e-06
1817,-1.92483e-06
1818,-1.92573e-06
1819,-1.9266e-06
1820,-1.92736e-06
1821,-1.92817e-06
1822,-1.92902e-06
1823,-1.92987e-06
1824,-1.93065e-06
1825,-1.93145e-06
1826,-1.93225e-06
1827,-1.93309e-06
1828,-1.93395e-06
1829,-1.93478e-06
1830,-1.93564e-06
1831,-1.93653e-06
1832,-1.93741e-06
1833,-1.93824e-06
1834,-1.93913e-06
1835,-1.94007e-06
1836,-1.94094e-06
1837,-1.94177e-06
1838,-1.94255e-06
1839,-1.94334e-06
1840,-1.94413e-06
1841,-1.94488e-06
1842,-1.94559e-06
1843,-1.94634e-06
1844,-1.94713e-06
1845,-1.94787e-06
1846,-1.94868e-06
1847,-1.94951e-06
1848,-1.95031e-06
1849,-1.95114e-06
1850,-1.95202e-06
1851,-1.95291e-06
1852,-1.95379e-06
1853,-1.95465e-06
1854,-1.95549e-06
1855,-1.95631e-06
1856,-1.95716e-06
1857,-1.95796e-06
1858,-1.95883e-06
1859,-1.95968e-06
1860,-1.96048e-06
1861,-1.96126e-06
1862,-1.96206e-06
1863,-1.96284e-06
1864,-1.96357e-06
1865,-1.96431e-06
1866,-1.96504e-06
1867,-1.96582e-06
1868,-1.9666e-06
1869,-1.9673e-06
1870,-1.96803e-06
1871,-1.96877e-06
1872,-1.96951e-06
1873,-1.97026e-06
1874,-1.97096e-06
1875,-1.97168e-06
1876,-1.97235e-06
1877,-1.97296e-06
1878,-1.97356e-06
1879,-1.97425e-06
1880,-1.97493e-06
1881,-1.97566e-06
1882,-1.97643e-06
1883,-1.97721e-06
1884,-1.97806e-06
1885,-1.97891e-06
1886,-1.97973e-06
1887,-1.98062e-06
1888,-1.98161e-06
1889,-1.9826e-06
1890,-1.98366e-06
1891,-1.98458e-06
1892,-1.98546e-06
1893,-1.98641e-06
1894,-1.98728e-06
1895,-1.98814e-06
1896,-1.98906e-06
1897,-1.98995e-06
1898,-1.99086e-06
1899,-1.99174e-06
1900,-1.99251e-06
1901,-1.99338e-06
1902,-1.99425e-06
1903,-1.99511e-06
1904,-1.99602e-06
1905,-1.99695e-06
1906,-1.99784e-06
1907,-1.99871e-06
1908,-1.99945e-06
1909,-2.00022e-06
1910,-2.00105e-06
1911,-2.00183e-06
1912,-2.00262e-06
1913,-2.00333e-06
1914,-2.00406e-06
1915,-2.00483e-06
1916,-2.0056e-06
1917,-2.00647e-06
1918,-2.0074e-06
1919,-2.00817e-06
1920,-2.00899e-06
1921,-2.00992e-06
1922,-2.01082e-06
1923,-2.0117e-06
1924,-2.01254e-06
1925,-2.01335e-06
1926,-2.01416e-06
1927,-2.01489e-06
1928,-2.01566e-06
1929,-2.01647e-06
1930,-2.01725e-06
1931,-2.01791e-06
1932,-2.01853e-06
1933,-2.01921e-06
1934,-2.01989e-06
1935,-2.02063e-06
1936,-2.02142e-06
1937,-2.02215e-06
1938,-2.02288e-06
1939,-2.02371e-06
1940,-2.0245e-06
1941,-2.0253e-06
1942,-2.02609e-06
1943,-2.02696e-06
1944,-2.02789e-06
1945,-2.02874e-06
1946,-2.02956e-06
1947,-2.03049e-06
1948,-2.03137e-06
1949,-2.03224e-06
1950,-2.03311e-06
1951,-2.034e-06
1952,-2.03493e-06
1953,-2.03574e-06
1954,-2.0366e-06
1955,-2.03743e-06
1956,-2.03839e-06
1957,-2.03934e-06
1958,-2.04027e-06
1959,-2.0412e-06
1960,-2.04215e-06
1961,-2.04303e-06
1962,-2.04399e-06
1963,-2.04493e-06
1964,-2.04583e-06
1965,-2.04671e-06
1966,-2.04754e-06
1967,-2.04831e-06
1968,-2.04904e-06
1969,-2.04987e-06
1970,-2.05065e-06
1971,-2.05164e-06
1972,-2.05253e-06
1973,-2.05348e-06
1974,-2.05439e-06
1975,-2.0554e-06
1976,-2.05633e-06
1977,-2.0573e-06
1978,-2.05836e-06
1979,-2.05938e-06
1980,-2.06052e-06
1981,-2.06144e-06
1982,-2.06228e-06
1983,-2.06309e-06
1984,-2.06394e-06
1985,-2.06469e-06
1986,-2.06539e-06
1987,-2.0661e-06
1988,-2.06678e-06
1989,-2.06753e-06
1990,-2.06826e-06
1991,-2.069e-06
1992,-2.06998e-06
1993,-2.07099e-06
1994,-2.07184e-06
1995,-2.07281e-06
1996,-2.07381e-06
1997,-2.0748e-06
1998,-2.07573e-06
1999,-2.0766e-06
2000,-2.0775e-06
2001,-2.07847e-06
2002,-2.07933e-06
2003,-2.08023e-06
2004,-2.08124e-06
2005,-2.08221e-06
2006,-2.08319e-06
2007,-2.08414e-06
2008,-2.08499e-06
2009,-2.08577e-06
2010,-2.08649e-06
2011,-2.08735e-06
2012,-2.0883e-06
2013,-2.08905e-06
2014,-2.08984e-06
2015,-2.09068e-06
2016,-2.09158e-06
2017,-2.09259e-06
2018,-2.09367e-06
2019,-2.09477e-06
2020,-2.09583e-06
2021,-2.09677e-06
2022,-2.09749e-06
2023,-2.09839e-06
2024,-2.09916e-06
2025,-2.1e-06
2026,-2.10094e-06
2027,-2.10176e-06
2028,-2.10259e-06
2029,-2.10342e-06
2030,-2.10424e-06
2031,-2.105e-06
2032,-2.1058e-06
2033,-2.10666e-06
2034,-2.10754e-06
2035,-2.1084e-06
2036,-2.10916e-06
2037,-2.10992e-06
2038,-2.11073e-06
2039,-2.11161e-06
2040,-2.11266e-06
2041,-2.11371e-06
2042,-2.11487e-06
2043,-2.11584e-06
2044,-2.11679e-06
2045,-2.11764e-06
2046,-2.11834e-06
2047,-2.11914e-06
2048,-2.11993e-06
2049,-2.1206e-06
2050,-2.1211e-06
2051,-2.12161e-06
2052,-2.12226e-06
2053,-2.12302e-06
2054,-2.12385e-06
2055,-2.12463e-06
2056,-2.12547e-06
2057,-2.12622e-06
2058,-2.12682e-06
2059,-2.12618e-06
2060,-2.12485e-06
2061,-2.1231e-06
2062,-2.12178e-06
2063,-2.12055e-06
2064,-2.11945e-06
2065,-2.11833e-06
2066,-2.11749e-06
2067,-2.11679e-06
2068,-2.11632e-06
2069,-2.11659e-06
2070,-2.11743e-06
2071,-2.11858e-06
2072,-2.11946e-06
2073,-2.1202e-06
2074,-2.12072e-06
2075,-2.12118e-06
2076,-2.12132e-06
2077,-2.1214e-06
2078,-2.12138e-06
2079,-2.12105e-06
2080,-2.12075e-06
2081,-2.12028e-06
2082,-2.11986e-06
2083,-2.11956e-06
2084,-2.11919e-06
2085,-2.11832e-06
2086,-2.1178e-06
2087,-2.11713e-06
2088,-2.11636e-06
2089,-2.11555e-06
2090,-2.11604e-06
2091,-2.11641e-06
2092,-2.11653e-06
2093,-2.11671e-06
2094,-2.11651e-06
2095,-2.11696e-06
2096,-2.11721e-06
2097,-2.11727e-06
2098,-2.11716e-06
2099,-2.11697e-06
2100,-2.11668e-06
2101,-2.1163e-06
2102,-2.11608e-06
2103,-2.11582e-06
2104,-2.11559e-06
2105,-2.11531e-06
2106,-2.11502e-06
2107,-2.11468e-06
2108,-2.11438e-06
2109,-2.11399e-06
2110,-2.11355e-06
2111,-2.11319e-06
2112,-2.11278e-06
2113,-2.11241e-06
2114,-2.11228e-06
2115,-2.11211e-06
2116,-2.1119e-06
2117,-2.11169e-06
2118,-2.11138e-06
2119,-2.11098e-06
2120,-2.11087e-06
2121,-2.1109e-06
2122,-2.11083e-06
2123,-2.11092e-06
2124,-2.11134e-06
2125,-2.11153e-06
2126,-2.11161e-06
2127,-2.11141e-06
2128,-2.11125e-06
2129,-2.11102e-06
2130,-2.11082e-06
2131,-2.11059e-06
2132,-2.11053e-06
2133,-2.11022e-06
2134,-2.1096e-06
2135,-2.10929e-06
2136,-2.10914e-06
2137,-2.10898e-06
2138,-2.10849e-06
2139,-2.10815e-06
2140,-2.10759e-06
2141,-2.10706e-06
2142,-2.10633e-06
2143,-2.10567e-06
2144,-2.10523e-06
2145,-2.10472e-06
2146,-2.10417e-06
2147,-2.10381e-06
2148,-2.10385e-06
2149,-2.10367e-06
2150,-2.10364e-06
2151,-2.10356e-06
2152,-2.10375e-06
2153,-2.10377e-06
2154,-2.10374e-06
2155,-2.10369e-06
2156,-2.10368e-06
2157,-2.10344e-06
2158,-2.10312e-06
2159,-2.10271e-06
2160,-2.10218e-06
2161,-2.10157e-06
2162,-2.10083e-06
2163,-2.10016e-06
2164,-2.09959e-06
2165,-2.09894e-06
2166,-2.09832e-06
2167,-2.0978e-06
2168,-2.09719e-06
2169,-2.09677e-06
2170,-2.0965e-06
2171,-2.09631e-06
2172,-2.09603e-06
2173,-2.09587e-06
2174,-2.0957e-06
2175,-2.09591e-06
2176,-2.09605e-06
2177,-2.09628e-06
2178,-2.09645e-06
2179,-2.09651e-06
2180,-2.09648e-06
2181,-2.09646e-06
2182,-2.09649e-06
2183,-2.09663e-06
2184,-2.09671e-06
2185,-2.09644e-06
2186,-2.09633e-06
2187,-2.09603e-06
2188,-2.09575e-06
2189,-2.09546e-06
2190,-2.09514e-06
2191,-2.0947e-06
2192,-2.0943e-06
2193,-2.09374e-06
2194,-2.09303e-06
2195,-2.09231e-06
2196,-2.09159e-06
2197,-2.09083e-06
2198,-2.0903e-06
2199,-2.08992e-06
2200,-2.0895e-06
2201,-2.08926e-06
2202,-2.08891e-06
2203,-2.08885e-06
2204,-2.08885e-06
2205,-2.08871e-06
2206,-2.08824e-06
2207,-2.08806e-06
2208,-2.08773e-06
2209,-2.0873e-06
2210,-2.08672e-06
2211,-2.08622e-06
2212,-2.08598e-06
2213,-2.08544e-06
2214,-2.08486e-06
2215,-2.08452e-06
2216,-2.08438e-06
2217,-2.084e-06
2218,-2.08354e-06
2219,-2.08305e-06
2220,-2.08262e-06
2221,-2.0822e-06
2222,-2.08165e-06
2223,-2.08124e-06
2224,-2.08079e-06
2225,-2.08013e-06
2226,-2.07967e-06
2227,-2.07932e-06
2228,-2.07906e-06
2229,-2.07889e-06
2230,-2.07868e-06
2231,-2.0784e-06
2232,-2.07811e-06
2233,-2.07773e-06
2234,-2.07742e-06
2235,-2.07706e-06
2236,-2.07644e-06
2237,-2.0758e-06
2238,-2.075e-06
2239,-2.07416e-06
2240,-2.07341e-06
2241,-2.07264e-06
2242,-2.07191e-06
2243,-2.07116e-06
2244,-2.07046e-06
2245,-2.06975e-06
2246,-2.0692e-06
2247,-2.06883e-06
2248,-2.06852e-06
2249,-2.0683e-06
2250,-2.06809e-06
2251,-2.06799e-06
2252,-2.06771e-06
2253,-2.06737e-06
2254,-2.06697e-06
2255,-2.06677e-06
2256,-2.06648e-06
2257,-2.06596e-06
2258,-2.06538e-06
2259,-2.06471e-06
2260,-2.06403e-06
2261,-2.06338e-06
2262,-2.06273e-06
2263,-2.06224e-06
2264,-2.06171e-06
2265,-2.06113e-06
2266,-2.06048e-06
2267,-2.05993e-06
2268,-2.05928e-06
2269,-2.05859e-06
2270,-2.05807e-06
2271,-2.05755e-06
2272,-2.05701e-06
2273,-2.05644e-06
2274,-2.05586e-06
2275,-2.0553e-06
2276,-2.05474e-06
2277,-2.05422e-06
2278,-2.05366e-06
2279,-2.05322e-06
2280,-2.0526e-06
2281,-2.05182e-06
2282,-2.05123e-06
2283,-2.05065e-06
2284,-2.05022e-06
2285,-2.0497e-06
2286,-2.04926e-06
2287,-2.04876e-06
2288,-2.04843e-06
2289,-2.04805e-06
2290,-2.0477e-06
2291,-2.04737e-06
2292,-2.04702e-06
2293,-2.04669e-06
2294,-2.04635e-06
2295,-2.04607e-06
2296,-2.04572e-06
2297,-2.04537e-06
2298,-2.04515e-06
2299,-2.0449e-06
2300,-2.04465e-06
2301,-2.04432e-06
2302,-2.04386e-06
2303,-2.04342e-06
2304,-2.04288e-06
2305,-2.0424e-06
2306,-2.04193e-06
2307,-2.04156e-06
2308,-2.04114e-06
2309,-2.04072e-06
2310,-2.04035e-06
2311,-2.04008e-06
2312,-2.03992e-06
2313,-2.03969e-06
2314,-2.03942e-06
2315,-2.03915e-06
2316,-2.03887e-06
2317,-2.0385e-06
2318,-2.03809e-06
2319,-2.03767e-06
2320,-2.03717e-06
2321,-2.03674e-06
2322,-2.03617e-06
2323,-2.03558e-06
2324,-2.03507e-06
2325,-2.03446e-06
2326,-2.03388e-06
2327,-2.03338e-06
2328,-2.03288e-06
2329,-2.03243e-06
2330,-2.0321e-06
2331,-2.03164e-06
2332,-2.03136e-06
2333,-2.03106e-06
2334,-2.03082e-06
2335,-2.03061e-06
2336,-2.03049e-06
2337,-2.03036e-06
2338,-2.03018e-06
2339,-2.02995e-06
2340,-2.02966e-06
2341,-2.02944e-06
2342,-2.02925e-06
2343,-2.02912e-06
2344,-2.02881e-06
2345,-2.02851e-06
2346,-2.02821e-06
2347,-2.02782e-06
2348,-2.02751e-06
2349,-2.02723e-06
2350,-2.02694e-06
2351,-2.02664e-06
2352,-2.0263e-06
2353,-2.02596e-06
2354,-2.02579e-06
2355,-2.02563e-06
2356,-2.02541e-06
2357,-2.02517e-06
2358,-2.02489e-06
2359,-2.02464e-06
2360,-2.02439e-06
2361,-2.02414e-06
2362,-2.02389e-06
2363,-2.02366e-06
2364,-2.02338e-06
2365,-2.02307e-06
2366,-2.02272e-06
2367,-2.02239e-06
2368,-2.02207e-06
2369,-2.02171e-06
2370,-2.02139e-06
2371,-2.02102e-06
2372,-2.02067e-06
2373,-2.02027e-06
2374,-2.0199e-06
2375,-2.01953e-06
2376,-2.0192e-06
2377,-2.01889e-06
2378,-2.01856e-06
2379,-2.01823e-06
2380,-2.01789e-06
2381,-2.01758e-06
2382,-2.01724e-06
2383,-2.01694e-06
2384,-2.01663e-06
2385,-2.01633e-06
2386,-2.01604e-06
2387,-2.01579e-06
2388,-2.0156e-06
2389,-2.01535e-06
2390,-2.01511e-06
2391,-2.01484e-06
2392,-2.01459e-06
2393,-2.01432e-06
2394,-2.01404e-06
2395,-2.01374e-06
2396,-2.01338e-06
2397,-2.01301e-06
2398,-2.0126e-06
2399,-2.01225e-06
2400,-2.01186e-06
2401,-2.01152e-06
2402,-2.01116e-06
2403,-2.01082e-06
2404,-2.01046e-06
2405,-2.01012e-06
2406,-2.00983e-06
2407,-2.00954e-06
2408,-2.00926e-06
2409,-2.00898e-06
2410,-2.00869e-06
2411,-2.00843e-06
2412,-2.00818e-06
2413,-2.00795e-06
2414,-2.00775e-06
2415,-2.00757e-06
2416,-2.00735e-06
2417,-2.00709e-06
2418,-2.00679e-06
2419,-2.00652e-06
2420,-2.00626e-06
2421,-2.00595e-06
2422,-2.00564e-06
2423,-2.00528e-06
2424,-2.00491e-06
2425,-2.00476e-06
2426,-2.0046e-06
2427,-2.00445e-06
2428,-2.00435e-06
2429,-2.00424e-06
2430,-2.00415e-06
2431,-2.00402e-06
2432,-2.00378e-06
2433,-2.00363e-06
2434,-2.00342e-06
2435,-2.00315e-06
2436,-2.00286e-06
2437,-2.00255e-06
2438,-2.00226e-06
2439,-2.002e-06
2440,-2.0016e-06
2441,-2.00122e-06
2442,-2.00087e-06
2443,-2.0005e-06
2444,-2.00019e-06
2445,-1.99984e-06
2446,-1.99949e-06
2447,-1.99916e-06
2448,-1.99881e-06
2449,-1.99844e-06
2450,-1.99805e-06
2451,-1.99763e-06
2452,-1.99738e-06
2453,-1.99705e-06
2454,-1.99662e-06
2455,-1.99628e-06
2456,-1.99602e-06
2457,-1.99577e-06
2458,-1.99552e-06
2459,-1.99527e-06
2460,-1.99516e-06
2461,-1.99506e-06
2462,-1.99481e-06
2463,-1.99461e-06
2464,-1.99433e-06
2465,-1.99396e-06
2466,-1.9935e-06
2467,-1.99315e-06
2468,-1.9927e-06
2469,-1.99214e-06
2470,-1.9916e-06
2471,-1.99105e-06
2472,-1.99045e-06
2473,-1.98979e-06
2474,-1.98916e-06
2475,-1.98858e-06
2476,-1.98797e-06
2477,-1.98732e-06
2478,-1.98671e-06
2479,-1.98626e-06
2480,-1.9857e-06
2481,-1.9852e-06
2482,-1.98489e-06
2483,-1.98465e-06
2484,-1.98451e-06
2485,-1.98437e-06
2486,-1.98429e-06
2487,-1.98415e-06
2488,-1.98396e-06
2489,-1.9838e-06
2490,-1.98374e-06
2491,-1.98365e-06
2492,-1.98363e-06
2493,-1.98372e-06
2494,-1.984e-06
2495,-1.98406e-06
2496,-1.984e-06
2497,-1.98399e-06
2498,-1.98399e-06
2499,-1.98384e-06
2500,-1.9835e-06
2501,-1.98307e-06
2502,-1.98254e-06
2503,-1.98191e-06
2504,-1.98114e-06
2505,-1.98052e-06
2506,-1.98e-06
2507,-1.97953e-06
2508,-1.97887e-06
2509,-1.97815e-06
2510,-1.97754e-06
2511,-1.97694e-06
2512,-1.97608e-06
2513,-1.97489e-06
2514,-1.9737e-06
2515,-1.97249e-06
2516,-1.97285e-06
2517,-1.97328e-06
2518,-1.97357e-06
2519,-1.97383e-06
2520,-1.97396e-06
2521,-1.97397e-06
2522,-1.97376e-06
2523,-1.97335e-06
2524,-1.97294e-06
2525,-1.97247e-06
2526,-1.9721e-06
2527,-1.97164e-06
2528,-1.97118e-06
2529,-1.97067e-06
2530,-1.97016e-06
2531,-1.96975e-06
2532,-1.96942e-06
2533,-1.96908e-06
2534,-1.96886e-06
2535,-1.96866e-06
2536,-1.96835e-06
2537,-1.96816e-06
2538,-1.96798e-06
2539,-1.96789e-06
2540,-1.96785e-06
2541,-1.96783e-06
2542,-1.96789e-06
2543,-1.96789e-06
2544,-1.96779e-06
2545,-1.96774e-06
2546,-1.96769e-06
2547,-1.96756e-06
2548,-1.96745e-06
2549,-1.96725e-06
2550,-1.96698e-06
2551,-1.96668e-06
2552,-1.96629e-06
2553,-1.96598e-06
2554,-1.96561e-06
2555,-1.96537e-06
2556,-1.96481e-06
2557,-1.96434e-06
2558,-1.96386e-06
2559,-1.96341e-06
2560,-1.96296e-06
2561,-1.96249e-06
2562,-1.962e-06
2563,-1.96146e-06
2564,-1.96107e-06
2565,-1.96048e-06
2566,-1.96022e-06
2567,-1.95987e-06
2568,-1.95949e-06
2569,-1.95909e-06
2570,-1.95875e-06
2571,-1.95844e-06
2572,-1.95819e-06
2573,-1.95794e-06
2574,-1.95765e-06
2575,-1.95738e-06
2576,-1.95713e-06
2577,-1.95687e-06
2578,-1.95658e-06
2579,-1.95631e-06
2580,-1.95605e-06
2581,-1.95578e-06
2582,-1.95552e-06
2583,-1.95527e-06
2584,-1.95498e-06
2585,-1.95469e-06
2586,-1.95438e-06
2587,-1.95415e-06
2588,-1.954e-06
2589,-1.95377e-06
2590,-1.95357e-06
2591,-1.95334e-06
2592,-1.95273e-06
2593,-1.95214e-06
2594,-1.9516e-06
2595,-1.95102e-06
2596,-1.95043e-06
2597,-1.94978e-06
2598,-1.94907e-06
2599,-1.94844e-06
2600,-1.94783e-06
2601,-1.94725e-06
2602,-1.94699e-06
2603,-1.94677e-06
2604,-1.9466e-06
2605,-1.94656e-06
2606,-1.94662e-06
2607,-1.94677e-06
2608,-1.94702e-06
2609,-1.94731e-06
2610,-1.94767e-06
2611,-1.94811e-06
2612,-1.94855e-06
2613,-1.94901e-06
2614,-1.94947e-06
2615,-1.94989e-06
2616,-1.95029e-06
2617,-1.9507e-06
2618,-1.95108e-06
2619,-1.9515e-06
2620,-1.95187e-06
2621,-1.95224e-06
2622,-1.95267e-06
2623,-1.95307e-06
2624,-1.95347e-06
2625,-1.95394e-06
2626,-1.95443e-06
2627,-1.95486e-06
2628,-1.95532e-06
2629,-1.95577e-06
2630,-1.95625e-06
2631,-1.95674e-06
2632,-1.9572e-06
2633,-1.95766e-06
2634,-1.95816e-06
2635,-1.95875e-06
2636,-1.95931e-06
2637,-1.95989e-06
2638,-1.96052e-06
2639,-1.96111e-06
2640,-1.96171e-06
2641,-1.96232e-06
2642,-1.96292e-06
2643,-1.96352e-06
2644,-1.96411e-06
2645,-1.96471e-06
2646,-1.96533e-06
2647,-1.96601e-06
2648,-1.96666e-06
2649,-1.96734e-06
2650,-1.96805e-06
2651,-1.96874e-06
2652,-1.96947e-06
2653,-1.97024e-06
2654,-1.97097e-06
2655,-1.97167e-06
2656,-1.97231e-06
2657,-1.97289e-06
2658,-1.97345e-06
2659,-1.97404e-06
2660,-1.97457e-06
2661,-1.97512e-06
2662,-1.97562e-06
2663,-1.97617e-06
2664,-1.97675e-06
2665,-1.9774e-06
2666,-1.97814e-06
2667,-1.97887e-06
2668,-1.97961e-06
2669,-1.98035e-06
2670,-1.98115e-06
2671,-1.98186e-06
2672,-1.98261e-06
2673,-1.98327e-06
2674,-1.98391e-06
2675,-1.98449e-06
2676,-1.98503e-06
2677,-1.98558e-06
2678,-1.98608e-06
2679,-1.98661e-06
2680,-1.9871e-06
2681,-1.98764e-06
2682,-1.98819e-06
2683,-1.98877e-06
2684,-1.98934e-06
2685,-1.98996e-06
2686,-1.99049e-06
2687,-1.99106e-06
2688,-1.99163e-06
2689,-1.99209e-06
2690,-1.99249e-06
2691,-1.99303e-06
2692,-1.99364e-06
2693,-1.99427e-06
2694,-1.99491e-06
2695,-1.99549e-06
2696,-1.99621e-06
2697,-1.99692e-06
2698,-1.99759e-06
2699,-1.99841e-06
2700,-1.99934e-06
2701,-2.00024e-06
2702,-2.00099e-06
2703,-2.00175e-06
2704,-2.00261e-06
2705,-2.00352e-06
2706,-2.00444e-06
2707,-2.00532e-06
2708,-2.00626e-06
2709,-2.00703e-06
2710,-2.0078e-06
2711,-2.00855e-06
2712,-2.00931e-06
2713,-2.01008e-06
2714,-2.01071e-06
2715,-2.0113e-06
2716,-2.01173e-06
2717,-2.01221e-06
2718,-2.0127e-06
2719,-2.01316e-06
2720,-2.01362e-06
2721,-2.01408e-06
2722,-2.01433e-06
2723,-2.0145e-06
2724,-2.01479e-06
2725,-2.01513e-06
2726,-2.01555e-06
2727,-2.01594e-06
2728,-2.01626e-06
2729,-2.01662e-06
2730,-2.01695e-06
2731,-2.01726e-06
2732,-2.01777e-06
2733,-2.01833e-06
2734,-2.01881e-06
2735,-2.01919e-06
2736,-2.01973e-06
2737,-2.02023e-06
2738,-2.02091e-06
2739,-2.0216e-06
2740,-2.02223e-06
2741,-2.0229e-06
2742,-2.02349e-06
2743,-2.02389e-06
2744,-2.02422e-06
2745,-2.02464e-06
2746,-2.02505e-06
2747,-2.02539e-06
2748,-2.02562e-06
2749,-2.02592e-06
2750,-2.02624e-06
2751,-2.0265e-06
2752,-2.02676e-06
2753,-2.02733e-06
2754,-2.02795e-06
2755,-2.02844e-06
2756,-2.0291e-06
2757,-2.02977e-06
2758,-2.03033e-06
2759,-2.03078e-06
2760,-2.03129e-06
2761,-2.03189e-06
2762,-2.0325e-06
2763,-2.03327e-06
2764,-2.03417e-06
2765,-2.03494e-06
2766,-2.03576e-06
2767,-2.03656e-06
2768,-2.03733e-06
2769,-2.03797e-06
2770,-2.0384e-06
2771,-2.03868e-06
2772,-2.03885e-06
2773,-2.03902e-06
2774,-2.03913e-06
2775,-2.0392e-06
2776,-2.03928e-06
2777,-2.03935e-06
2778,-2.03954e-06
2779,-2.03996e-06
2780,-2.04034e-06
2781,-2.04074e-06
2782,-2.04116e-06
2783,-2.04152e-06
2784,-2.04186e-06
2785,-2.04228e-06
2786,-2.04253e-06
2787,-2.04271e-06
2788,-2.04285e-06
2789,-2.04285e-06
2790,-2.04297e-06
2791,-2.04325e-06
2792,-2.04347e-06
2793,-2.04364e-06
2794,-2.04388e-06
2795,-2.04401e-06
2796,-2.04427e-06
2797,-2.04455e-06
2798,-2.04487e-06
2799,-2.04544e-06
2800,-2.04604e-06
2801,-2.04661e-06
2802,-2.0472e-06
2803,-2.04789e-06
2804,-2.04845e-06
2805,-2.04918e-06
2806,-2.04998e-06
2807,-2.05075e-06
2808,-2.05152e-06
2809,-2.05218e-06
2810,-2.05282e-06
2811,-2.05339e-06
2812,-2.05398e-06
2813,-2.05451e-06
2814,-2.05498e-06
2815,-2.05542e-06
2816,-2.05578e-06
2817,-2.05619e-06
2818,-2.05662e-06
2819,-2.05707e-06
2820,-2.05746e-06
2821,-2.05797e-06
2822,-2.05847e-06
2823,-2.05901e-06
2824,-2.05971e-06
2825,-2.06042e-06
2826,-2.0611e-06
2827,-2.06169e-06
2828,-2.06249e-06
2829,-2.06319e-06
2830,-2.06394e-06
2831,-2.06457e-06
2832,-2.06528e-06
2833,-2.06609e-06
2834,-2.06684e-06
2835,-2.06749e-06
2836,-2.06811e-06
2837,-2.06879e-06
2838,-2.06928e-06
2839,-2.06987e-06
2840,-2.07057e-06
2841,-2.07127e-06
2842,-2.07182e-06
2843,-2.07232e-06
2844,-2.07288e-06
2845,-2.0734e-06
2846,-2.07389e-06
2847,-2.07436e-06
2848,-2.07489e-06
2849,-2.07542e-06
2850,-2.07591e-06
2851,-2.07637e-06
2852,-2.07697e-06
2853,-2.07748e-06
2854,-2.07793e-06
2855,-2.07842e-06
2856,-2.07896e-06
2857,-2.07947e-06
2858,-2.0799e-06
2859,-2.08033e-06
2860,-2.08067e-06
2861,-2.0811e-06
2862,-2.08154e-06
2863,-2.08204e-06
2864,-2.08257e-06
2865,-2.08305e-06
2866,-2.08358e-06
2867,-2.08418e-06
2868,-2.08479e-06
2869,-2.08536e-06
2870,-2.08597e-06
2871,-2.08663e-06
2872,-2.08724e-06
2873,-2.08785e-06
2874,-2.08846e-06
2875,-2.08915e-06
2876,-2.08978e-06
2877,-2.09034e-06
2878,-2.09089e-06
2879,-2.09147e-06
2880,-2.09214e-06
2881,-2.09273e-06
2882,-2.09332e-06
2883,-2.09391e-06
2884,-2.09447e-06
2885,-2.09508e-06
2886,-2.09575e-06
2887,-2.0964e-06
2888,-2.09705e-06
2889,-2.09774e-06
2890,-2.0985e-06
2891,-2.09932e-06
2892,-2.10015e-06
2893,-2.10102e-06
2894,-2.10198e-06
2895,-2.10288e-06
2896,-2.10361e-06
2897,-2.10436e-06
2898,-2.10518e-06
2899,-2.10593e-06
2900,-2.10667e-06
2901,-2.10731e-06
2902,-2.10805e-06
2903,-2.10873e-06
2904,-2.10923e-06
2905,-2.10968e-06
2906,-2.11026e-06
2907,-2.11084e-06
2908,-2.11145e-06
2909,-2.11209e-06
2910,-2.11259e-06
2911,-2.11313e-06
2912,-2.1136e-06
2913,-2.11414e-06
2914,-2.11477e-06
2915,-2.11544e-06
2916,-2.11615e-06
2917,-2.11696e-06
2918,-2.11769e-06
2919,-2.11842e-06
2920,-2.11919e-06
2921,-2.11997e-06
2922,-2.12072e-06
2923,-2.1214e-06
2924,-2.12207e-06
2925,-2.12271e-06
2926,-2.12332e-06
2927,-2.12386e-06
2928,-2.12442e-06
2929,-2.12488e-06
2930,-2.12537e-06
2931,-2.12577e-06
2932,-2.12611e-06
2933,-2.12643e-06
2934,-2.1268e-06
2935,-2.12716e-06
2936,-2.12747e-06
2937,-2.12785e-06
2938,-2.12817e-06
2939,-2.12858e-06
2940,-2.12889e-06
2941,-2.12928e-06
2942,-2.12969e-06
2943,-2.13016e-06
2944,-2.13055e-06
2945,-2.13093e-06
2946,-2.13143e-06
2947,-2.13185e-06
2948,-2.13229e-06
2949,-2.13268e-06
2950,-2.13319e-06
2951,-2.13368e-06
2952,-2.13416e-06
2953,-2.13464e-06
2954,-2.13516e-06
2955,-2.13569e-06
2956,-2.13623e-06
2957,-2.13679e-06
2958,-2.13745e-06
2959,-2.13825e-06
2960,-2.13903e-06
2961,-2.13988e-06
2962,-2.14074e-06
2963,-2.14157e-06
2964,-2.14238e-06
2965,-2.14324e-06
2966,-2.14397e-06
2967,-2.14468e-06
2968,-2.14533e-06
2969,-2.14587e-06
2970,-2.14634e-06
2971,-2.14678e-06
2972,-2.1472e-06
2973,-2.14766e-06
2974,-2.1481e-06
2975,-2.1485e-06
2976,-2.14897e-06
2977,-2.14943e-06
2978,-2.14983e-06
2979,-2.15025e-06
2980,-2.15072e-06
2981,-2.15115e-06
2982,-2.1516e-06
2983,-2.15199e-06
2984,-2.15254e-06
2985,-2.15311e-06
2986,-2.15365e-06
2987,-2.15419e-06
2988,-2.15474e-06
2989,-2.15531e-06
2990,-2.15584e-06
2991,-2.15636e-06
2992,-2.1569e-06
2993,-2.15739e-06
2994,-2.15776e-06
2995,-2.15817e-06
2996,-2.15866e-06
2997,-2.15912e-06
2998,-2.1596e-06
2999,-2.16003e-06
3000,-2.16047e-06
3001,-2.16101e-06
3002,-2.16152e-06
3003,-2.16206e-06
3004,-2.16265e-06
3005,-2.16325e-06
3006,-2.16378e-06
3007,-2.16435e-06
3008,-2.16486e-06
3009,-2.16539e-06
3010,-2.16594e-06
3011,-2.16637e-06
3012,-2.16689e-06
3013,-2.16748e-06
3014,-2.16805e-06
3015,-2.16866e-06
3016,-2.16932e-06
3017,-2.16997e-06
3018,-2.17078e-06
3019,-2.17151e-06
3020,-2.17227e-06
3021,-2.173e-06
3022,-2.17369e-06
3023,-2.17431e-06
3024,-2.17491e-06
3025,-2.17532e-06
3026,-2.17571e-06
3027,-2.17611e-06
3028,-2.17615e-06
3029,-2.17621e-06
3030,-2.17624e-06
3031,-2.17628e-06
3032,-2.17631e-06
3033,-2.17635e-06
3034,-2.17638e-06
3035,-2.17646e-06
3036,-2.17652e-06
3037,-2.17658e-06
3038,-2.17664e-06
3039,-2.1767e-06
3040,-2.17676e-06
3041,-2.17683e-06
3042,-2.1769e-06
3043,-2.17698e-06
3044,-2.17707e-06
3045,-2.17751e-06
3046,-2.17797e-06
3047,-2.17841e-06
3048,-2.17883e-06
3049,-2.17937e-06
3050,-2.17967e-06
3051,-2.18011e-06
3052,-2.18044e-06
3053,-2.18067e-06
3054,-2.18092e-06
3055,-2.1811e-06
3056,-2.18126e-06
3057,-2.1815e-06
3058,-2.18172e-06
3059,-2.18168e-06
3060,-2.18178e-06
3061,-2.18181e-06
3062,-2.18174e-06
3063,-2.18175e-06
3064,-2.18159e-06
3065,-2.18154e-06
3066,-2.18148e-06
3067,-2.18138e-06
3068,-2.18125e-06
3069,-2.18118e-06
3070,-2.18113e-06
3071,-2.18087e-06
3072,-2.18065e-06
3073,-2.18046e-06
3074,-2.18036e-06
3075,-2.18013e-06
3076,-2.17987e-06
3077,-2.17952e-06
3078,-2.17909e-06
3079,-2.17866e-06
3080,-2.17825e-06
3081,-2.17785e-06
3082,-2.17758e-06
3083,-2.17725e-06
3084,-2.17692e-06
3085,-2.17658e-06
3086,-2.17629e-06
3087,-2.17592e-06
3088,-2.17555e-06
3089,-2.17518e-06
3090,-2.17485e-06
3091,-2.17448e-06
3092,-2.17403e-06
3093,-2.1735e-06
3094,-2.17291e-06
3095,-2.17238e-06
3096,-2.17172e-06
3097,-2.17118e-06
3098,-2.1708e-06
3099,-2.17036e-06
3100,-2.16997e-06
3101,-2.16969e-06
3102,-2.16946e-06
3103,-2.16935e-06
3104,-2.16934e-06
3105,-2.16931e-06
3106,-2.16938e-06
3107,-2.16947e-06
3108,-2.16951e-06
3109,-2.16959e-06
3110,-2.16963e-06
3111,-2.1696e-06
3112,-2.16964e-06
3113,-2.16969e-06
3114,-2.16968e-06
3115,-2.16958e-06
3116,-2.16944e-06
3117,-2.16927e-06
3118,-2.16901e-06
3119,-2.16881e-06
3120,-2.16849e-06
3121,-2.16816e-06
3122,-2.16779e-06
3123,-2.1673e-06
3124,-2.16675e-06
3125,-2.16626e-06
3126,-2.16575e-06
3127,-2.16522e-06
3128,-2.16467e-06
3129,-2.16411e-06
3130,-2.16353e-06
3131,-2.16303e-06
3132,-2.16248e-06
3133,-2.16204e-06
3134,-2.16167e-06
3135,-2.16139e-06
3136,-2.16108e-06
3137,-2.16069e-06
3138,-2.16039e-06
3139,-2.16011e-06
3140,-2.16002e-06
3141,-2.15989e-06
3142,-2.15978e-06
3143,-2.15964e-06
3144,-2.15942e-06
3145,-2.15921e-06
3146,-2.15898e-06
3147,-2.15879e-06
3148,-2.15871e-06
3149,-2.15859e-06
3150,-2.15836e-06
3151,-2.15819e-06
3152,-2.15809e-06
3153,-2.15797e-06
3154,-2.15795e-06
3155,-2.1579e-06
3156,-2.15792e-06
3157,-2.15796e-06
3158,-2.15789e-06
3159,-2.15785e-06
3160,-2.15791e-06
3161,-2.15794e-06
3162,-2.15794e-06
3163,-2.15797e-06
3164,-2.15793e-06
3165,-2.15787e-06
3166,-2.15777e-06
3167,-2.15762e-06
3168,-2.15751e-06
3169,-2.15731e-06
3170,-2.15704e-06
3171,-2.15667e-06
3172,-2.15632e-06
3173,-2.15599e-06
3174,-2.15556e-06
3175,-2.15516e-06
3176,-2.15469e-06
3177,-2.15419e-06
3178,-2.15369e-06
3179,-2.15328e-06
3180,-2.15286e-06
3181,-2.15251e-06
3182,-2.15208e-06
3183,-2.15165e-06
3184,-2.15127e-06
3185,-2.15086e-06
3186,-2.15052e-06
3187,-2.15022e-06
3188,-2.14992e-06
3189,-2.14967e-06
3190,-2.14949e-06
3191,-2.14929e-06
3192,-2.14903e-06
3193,-2.14867e-06
3194,-2.14827e-06
3195,-2.1479e-06
3196,-2.14755e-06
3197,-2.14722e-06
3198,-2.14682e-06
3199,-2.14638e-06
3200,-2.14595e-06
3201,-2.14559e-06
3202,-2.1454e-06
3203,-2.14527e-06
3204,-2.14516e-06
3205,-2.14497e-06
3206,-2.14477e-06
3207,-2.14458e-06
3208,-2.14437e-06
3209,-2.14413e-06
3210,-2.1438e-06
3211,-2.14344e-06
3212,-2.14302e-06
3213,-2.14251e-06
3214,-2.14201e-06
3215,-2.14162e-06
3216,-2.14121e-06
3217,-2.14086e-06
3218,-2.14041e-06
3219,-2.14004e-06
3220,-2.13969e-06
3221,-2.13922e-06
3222,-2.13873e-06
3223,-2.13828e-06
3224,-2.13785e-06
3225,-2.13731e-06
3226,-2.13679e-06
3227,-2.13626e-06
3228,-2.13577e-06
3229,-2.13524e-06
3230,-2.13479e-06
3231,-2.13449e-06
3232,-2.1342e-06
3233,-2.13401e-06
3234,-2.13389e-06
3235,-2.13379e-06
3236,-2.13368e-06
3237,-2.13361e-06
3238,-2.13364e-06
3239,-2.13369e-06
3240,-2.1337e-06
3241,-2.13367e-06
3242,-2.13363e-06
3243,-2.13351e-06
3244,-2.13335e-06
3245,-2.1332e-06
3246,-2.13305e-06
3247,-2.13277e-06
3248,-2.13241e-06
3249,-2.13201e-06
3250,-2.13173e-06
3251,-2.13142e-06
3252,-2.1311e-06
3253,-2.13078e-06
3254,-2.13039e-06
3255,-2.13004e-06
3256,-2.12973e-06
3257,-2.12955e-06
3258,-2.12943e-06
3259,-2.1293e-06
3260,-2.12914e-06
3261,-2.12891e-06
3262,-2.12867e-06
3263,-2.12853e-06
3264,-2.12848e-06
3265,-2.12841e-06
3266,-2.12836e-06
3267,-2.1283e-06
3268,-2.12827e-06
3269,-2.12819e-06
3270,-2.12802e-06
3271,-2.12787e-06
3272,-2.12776e-06
3273,-2.12754e-06
3274,-2.12729e-06
3275,-2.12711e-06
3276,-2.12686e-06
3277,-2.12661e-06
3278,-2.1264e-06
3279,-2.12613e-06
3280,-2.12589e-06
3281,-2.12568e-06
3282,-2.12548e-06
3283,-2.12532e-06
3284,-2.12518e-06
3285,-2.12501e-06
3286,-2.12489e-06
3287,-2.12476e-06
3288,-2.12463e-06
3289,-2.1245e-06
3290,-2.1244e-06
3291,-2.12424e-06
3292,-2.12402e-06
3293,-2.12388e-06
3294,-2.12379e-06
3295,-2.12371e-06
3296,-2.12363e-06
3297,-2.12355e-06
3298,-2.12334e-06
3299,-2.12315e-06
3300,-2.12293e-06
3301,-2.12285e-06
3302,-2.12288e-06
3303,-2.12281e-06
3304,-2.12268e-06
3305,-2.12251e-06
3306,-2.12234e-06
3307,-2.12211e-06
3308,-2.12202e-06
3309,-2.12201e-06
3310,-2.12202e-06
3311,-2.12186e-06
3312,-2.12169e-06
3313,-2.12156e-06
3314,-2.12137e-06
3315,-2.12116e-06
3316,-2.12097e-06
3317,-2.12076e-06
3318,-2.12048e-06
3319,-2.12014e-06
3320,-2.11979e-06
3321,-2.11945e-06
3322,-2.11899e-06
3323,-2.11854e-06
3324,-2.11807e-06
3325,-2.11761e-06
3326,-2.11714e-06
3327,-2.11676e-06
3328,-2.11646e-06
3329,-2.11613e-06
3330,-2.11581e-06
3331,-2.11551e-06
3332,-2.11529e-06
3333,-2.11502e-06
3334,-2.11482e-06
3335,-2.11468e-06
3336,-2.11451e-06
3337,-2.11421e-06
3338,-2.11382e-06
3339,-2.11346e-06
3340,-2.11311e-06
3341,-2.1128e-06
3342,-2.11248e-06
3343,-2.11215e-06
3344,-2.11176e-06
3345,-2.1113e-06
3346,-2.11087e-06
3347,-2.1105e-06
3348,-2.11015e-06
3349,-2.10986e-06
3350,-2.10951e-06
3351,-2.10915e-06
3352,-2.10881e-06
3353,-2.10852e-06
3354,-2.1083e-06
3355,-2.10809e-06
3356,-2.10789e-06
3357,-2.10763e-06
3358,-2.10741e-06
3359,-2.10725e-06
3360,-2.10711e-06
3361,-2.10702e-06
3362,-2.1069e-06
3363,-2.10676e-06
3364,-2.10661e-06
3365,-2.10647e-06
3366,-2.10634e-06
3367,-2.10625e-06
3368,-2.10615e-06
3369,-2.10595e-06
3370,-2.10579e-06
3371,-2.10555e-06
3372,-2.1054e-06
3373,-2.10519e-06
3374,-2.10493e-06
3375,-2.10462e-06
3376,-2.10426e-06
3377,-2.1039e-06
3378,-2.10355e-06
3379,-2.10314e-06
3380,-2.10275e-06
3381,-2.10236e-06
3382,-2.10192e-06
3383,-2.10149e-06
3384,-2.10107e-06
3385,-2.10071e-06
3386,-2.1003e-06
3387,-2.0999e-06
3388,-2.09949e-06
3389,-2.09919e-06
3390,-2.09888e-06
3391,-2.09855e-06
3392,-2.09822e-06
3393,-2.09788e-06
3394,-2.09759e-06
3395,-2.09729e-06
3396,-2.09704e-06
3397,-2.09676e-06
3398,-2.09644e-06
3399,-2.09608e-06
3400,-2.09569e-06
3401,-2.09534e-06
3402,-2.09504e-06
3403,-2.09474e-06
3404,-2.09447e-06
3405,-2.09422e-06
3406,-2.094e-06
3407,-2.09386e-06
3408,-2.09376e-06
3409,-2.09364e-06
3410,-2.09354e-06
3411,-2.09336e-06
3412,-2.09319e-06
3413,-2.09301e-06
3414,-2.0928e-06
3415,-2.09254e-06
3416,-2.09225e-06
3417,-2.09192e-06
3418,-2.0916e-06
3419,-2.09129e-06
3420,-2.09101e-06
3421,-2.09084e-06
3422,-2.09063e-06
3423,-2.09042e-06
3424,-2.0902e-06
3425,-2.08998e-06
3426,-2.08973e-06
3427,-2.08947e-06
3428,-2.08921e-06
3429,-2.08891e-06
3430,-2.08859e-06
3431,-2.08823e-06
3432,-2.08784e-06
3433,-2.08749e-06
3434,-2.08716e-06
3435,-2.08683e-06
3436,-2.08654e-06
3437,-2.0863e-06
3438,-2.08602e-06
3439,-2.08575e-06
3440,-2.08542e-06
3441,-2.0851e-06
3442,-2.08481e-06
3443,-2.08452e-06
3444,-2.08423e-06
3445,-2.08398e-06
3446,-2.08367e-06
3447,-2.08333e-06
3448,-2.08304e-06
3449,-2.08274e-06
3450,-2.0825e-06
3451,-2.08228e-06
3452,-2.08205e-06
3453,-2.08179e-06
3454,-2.08159e-06
3455,-2.08135e-06
3456,-2.08115e-06
3457,-2.08095e-06
3458,-2.08077e-06
3459,-2.08058e-06
3460,-2.08037e-06
3461,-2.08013e-06
3462,-2.07987e-06
3463,-2.07962e-06
3464,-2.07929e-06
3465,-2.07898e-06
3466,-2.0787e-06
3467,-2.07841e-06
3468,-2.07809e-06
3469,-2.07776e-06
3470,-2.07743e-06
3471,-2.07713e-06
3472,-2.07687e-06
3473,-2.07662e-06
3474,-2.0764e-06
3475,-2.07621e-06
3476,-2.07601e-06
3477,-2.07582e-06
3478,-2.07551e-06
3479,-2.07522e-06
3480,-2.07495e-06
3481,-2.07465e-06
3482,-2.07435e-06
3483,-2.07409e-06
3484,-2.07381e-06
3485,-2.07349e-06
3486,-2.07319e-06
3487,-2.07288e-06
3488,-2.07257e-06
3489,-2.07227e-06
3490,-2.07198e-06
3491,-2.0717e-06
3492,-2.07142e-06
3493,-2.0711e-06
3494,-2.07077e-06
3495,-2.07045e-06
3496,-2.07012e-06
3497,-2.0699e-06
