Heating,Detector 1,Detector 2,Detector 3,
0.5,0.323986,0.316607,0.238316,
0.505247,0.323673,0.316919,0.238941,
0.510495,0.32211,0.316607,0.241441,
0.515742,0.318672,0.316919,0.244566,
0.52099,0.314922,0.315981,0.249565,
0.526237,0.308984,0.315356,0.256439,
0.531484,0.302108,0.314419,0.263626,
0.536732,0.295232,0.313481,0.273,
0.541979,0.286793,0.312231,0.283312,
0.547226,0.278354,0.309731,0.295185,
0.552474,0.268978,0.307856,0.307059,
0.557721,0.258976,0.304731,0.320183,
0.562969,0.24835,0.301919,0.334869,
0.568216,0.237723,0.298794,0.35018,
0.573463,0.225847,0.294106,0.367053,
0.578711,0.214283,0.289731,0.385488,
0.583958,0.202719,0.284106,0.402674,
0.589205,0.190529,0.278168,0.42111,
0.594453,0.178965,0.271918,0.440795,
0.5997,0.168026,0.264731,0.459856,
0.604948,0.156775,0.256293,0.479541,
0.610195,0.146461,0.24848,0.498914,
0.615442,0.137084,0.240043,0.517974,
0.62069,0.127395,0.230667,0.53766,
0.625937,0.118957,0.220355,0.557033,
0.631184,0.110831,0.209729,0.576093,
0.636432,0.104267,0.199417,0.594529,
0.641679,0.0977037,0.188479,0.61234,
0.646927,0.0936406,0.177229,0.627963,
0.652174,0.089265,0.164729,0.644211,
0.657421,0.0873898,0.152853,0.658585,
0.662669,0.0864521,0.141603,0.671396,
0.667916,0.0867647,0.129728,0.682957,
0.673163,0.0889525,0.117853,0.693269,
0.678411,0.0920779,0.105352,0.700768,
0.683658,0.0970786,0.0950398,0.706705,
0.688906,0.103955,0.084102,0.710454,
0.694153,0.111456,0.0734768,0.712954,
0.6994,0.121457,0.0631641,0.712329,
0.704648,0.133021,0.053789,0.710142,
0.709895,0.14521,0.0453513,0.704205,
0.715142,0.159275,0.0372262,0.697956,
0.72039,0.175527,0.0300385,0.688582,
0.725637,0.193342,0.0231634,0.676083,
0.730885,0.212407,0.0172258,0.661397,
0.736132,0.232723,0.0128507,0.644836,
0.741379,0.253663,0.00847561,0.625776,
0.746627,0.275541,0.00597556,0.605153,
0.751874,0.298357,0.00503804,0.58203,
0.757121,0.322423,0.00472553,0.557033,
0.762369,0.345239,0.00535055,0.531098,
0.767616,0.369617,0.00753809,0.503913,
0.772864,0.393996,0.00972563,0.476104,
0.778111,0.417124,0.0144132,0.446419,
0.783358,0.440252,0.0194133,0.41736,
0.788606,0.461505,0.0250384,0.387676,
0.793853,0.483696,0.0322261,0.357679,
0.7991,0.503386,0.0403512,0.327682,
0.804348,0.523701,0.0494139,0.297685,
0.809595,0.541204,0.0587891,0.269251,
0.814843,0.557769,0.0687893,0.240816,
0.82009,0.571833,0.079727,0.214881,
0.825337,0.58496,0.0916022,0.189259,
0.830585,0.595587,0.103477,0.164887,
0.835832,0.604963,0.116915,0.142077,
0.841079,0.610901,0.129415,0.121766,
0.846327,0.616215,0.142853,0.103331,
0.851574,0.618402,0.156291,0.0873948,
0.856822,0.618715,0.169416,0.0733337,
0.862069,0.616527,0.182229,0.0617725,
0.867316,0.612777,0.196292,0.051461,
0.872564,0.606838,0.208792,0.0448992,
0.877811,0.59965,0.221292,0.0402122,
0.883058,0.589961,0.232855,0.0383374,
0.888306,0.578397,0.245043,0.0383374,
0.893553,0.564957,0.256605,0.0408372,
0.898801,0.551205,0.266293,0.0458366,
0.904048,0.535891,0.275981,0.0530234,
0.909295,0.518388,0.284731,0.0623974,
0.914543,0.500573,0.292544,0.0736462,
0.91979,0.481821,0.299419,0.0867698,
0.925037,0.462443,0.304731,0.102393,
0.930285,0.442127,0.309731,0.118954,
0.935532,0.420874,0.313794,0.137702,
0.94078,0.399309,0.316294,0.158012,
0.946027,0.377743,0.319107,0.180197,
0.951274,0.356178,0.318482,0.203008,
0.956522,0.334612,0.317544,0.227692,
0.961769,0.312109,0.315356,0.253315,
0.967016,0.290543,0.312231,0.280187,
0.972264,0.270228,0.308169,0.306122,
0.977511,0.250538,0.302544,0.333306,
0.982759,0.230848,0.295981,0.361116,
0.988006,0.212095,0.288168,0.388926,
0.993253,0.194592,0.279731,0.415798,
0.998501,0.178028,0.270981,0.443607,
1.00375,0.161775,0.260043,0.471417,
1.009,0.147711,0.249418,0.497352,
1.01424,0.134896,0.23723,0.523286,
1.01949,0.122707,0.225042,0.548284,
1.02474,0.112393,0.211604,0.572969,
1.02999,0.103017,0.199104,0.596404,
1.03523,0.0964535,0.184416,0.617652,
1.04048,0.0908277,0.171291,0.637024,
1.04573,0.0877023,0.157228,0.653898,
1.05097,0.0861396,0.144103,0.669521,
1.05622,0.0864521,0.13004,0.68327,
1.06147,0.0886399,0.11629,0.694206,
1.06672,0.0933281,0.103165,0.702643,
1.07196,0.0992664,0.0906647,0.708892,
1.07721,0.107393,0.0787894,0.712642,
1.08246,0.117081,0.0672267,0.712642,
1.08771,0.129271,0.056289,0.711079,
1.09295,0.14271,0.0462888,0.70608,
1.0982,0.1574,0.0378512,0.699205,
1.10345,0.174902,0.0306635,0.688894,
1.1087,0.192092,0.0228509,0.676083,
1.11394,0.212407,0.0169133,0.661709,
1.11919,0.232098,0.0128507,0.644524,
1.12444,0.254601,0.00878811,0.625151,
1.12969,0.277417,0.00660057,0.603278,
1.13493,0.300545,0.00535055,0.579531,
1.14018,0.325548,0.00410052,0.553596,
1.14543,0.349302,0.00597556,0.526724,
1.15067,0.373993,0.00753809,0.498289,
1.15592,0.398996,0.0109757,0.468292,
1.16117,0.42275,0.0153507,0.43892,
1.16642,0.446503,0.0209758,0.408923,
1.17166,0.469319,0.027226,0.377052,
1.17691,0.490572,0.0350386,0.347055,
1.18216,0.510887,0.0428513,0.317683,
1.18741,0.529952,0.0528514,0.287061,
1.19265,0.547455,0.0622266,0.258314,
1.1979,0.563707,0.0744144,0.229255,
1.20315,0.577147,0.0850396,0.203008,
1.2084,0.589648,0.0966023,0.178948,
1.21364,0.599025,0.109103,0.1552,
1.21889,0.607151,0.12129,0.135202,
1.22414,0.612777,0.132853,0.116767,
1.22939,0.616527,0.146291,0.0986436,
1.23463,0.618715,0.158478,0.0833327,
1.23988,0.61809,0.171604,0.0702091,
1.24513,0.615589,0.184729,0.0595852,
1.25037,0.612151,0.197854,0.0508361,
1.25562,0.606526,0.210354,0.0439618,
1.26087,0.5984,0.223167,0.0398998,
1.26612,0.589023,0.234105,0.0377125,
1.27136,0.577772,0.245043,0.0383374,
1.27661,0.565582,0.25598,0.0405247,
1.28186,0.55183,0.266293,0.0452117,
1.28711,0.535266,0.275668,0.0530234,
1.29235,0.518076,0.284731,0.0620849,
1.2976,0.499636,0.292856,0.0748961,
1.30285,0.47932,0.299419,0.0886446,
1.3081,0.45963,0.305669,0.103643,
1.31334,0.438377,0.310669,0.121766,
1.31859,0.417124,0.314419,0.140827,
1.32384,0.395558,0.316294,0.162074,
1.32909,0.373368,0.317857,0.183947,
1.33433,0.351177,0.318169,0.20832,
1.33958,0.328674,0.316919,0.233942,
1.34483,0.307108,0.314731,0.259252,
1.35007,0.285543,0.311294,0.286124,
1.35532,0.26429,0.305981,0.313933,
1.36057,0.243349,0.300044,0.342368,
1.36582,0.223972,0.293169,0.371427,
1.37106,0.204594,0.284731,0.399549,
1.37631,0.187716,0.275981,0.427047,
1.38156,0.171464,0.266606,0.454231,
1.38681,0.155837,0.255355,0.482041,
1.39205,0.140835,0.244105,0.50985,
1.3973,0.128646,0.231292,0.534848,
1.40255,0.117707,0.219105,0.559845,
1.4078,0.107393,0.205667,0.583905,
1.41304,0.0989539,0.191292,0.606403,
1.41829,0.0939532,0.177854,0.627026,
1.42354,0.089265,0.164104,0.645461,
1.42879,0.0867647,0.149416,0.662334,
1.43403,0.0867647,0.135353,0.677333,
1.43928,0.0880148,0.120978,0.690144,
1.44453,0.0911403,0.10754,0.699205,
1.44978,0.0967661,0.0950398,0.706705,
1.45502,0.104892,0.082227,0.710767,
1.46027,0.114581,0.0700393,0.712954,
1.46552,0.126145,0.0587891,0.711079,
1.47076,0.139585,0.0487889,0.707017,
1.47601,0.155212,0.0391012,0.700143,
1.48126,0.172402,0.0312885,0.690456,
1.48651,0.191154,0.0234759,0.677333,
1.49175,0.211782,0.0169133,0.662022,
1.497,0.23241,0.0125382,0.642961,
1.50225,0.255539,0.00878811,0.624213,
1.5075,0.277729,0.00597556,0.602028,
1.51274,0.301483,0.00472553,0.577968,
1.51799,0.327111,0.00472553,0.551096,
1.52324,0.352427,0.00566305,0.522974,
1.52849,0.378368,0.00785059,0.493915,
1.53373,0.403684,0.0119132,0.46298,
1.53898,0.428688,0.0169133,0.431109,
1.54423,0.451504,0.0222259,0.400799,
1.54948,0.474319,0.0294135,0.369553,
1.55472,0.496198,0.0369136,0.338306,
1.55997,0.516825,0.0462888,0.307684,
1.56522,0.535891,0.055664,0.277687,
1.57046,0.552768,0.0662892,0.248003,
1.57571,0.568083,0.0772269,0.220506,
1.58096,0.581522,0.0887896,0.194259,
1.58621,0.593399,0.100977,0.168949,
1.59145,0.602463,0.113478,0.147076,
1.5967,0.609339,0.126603,0.125828,
1.60195,0.614027,0.140978,0.106143,
1.6072,0.61809,0.154103,0.0892696,
1.61244,0.617777,0.167854,0.0745836,
1.61769,0.616215,0.181604,0.0617725,
1.62294,0.612777,0.195042,0.0523984,
1.62819,0.607151,0.207854,0.0452117,
1.63343,0.5984,0.220667,0.0402122,
1.63868,0.589961,0.232855,0.0377125,
1.64393,0.578084,0.245043,0.038025,
1.64918,0.56527,0.255668,0.0402122,
1.65442,0.551518,0.265981,0.0445868,
1.65967,0.536203,0.275043,0.052086,
1.66492,0.519638,0.283793,0.06146,
1.67016,0.499948,0.291606,0.0736462,
1.67541,0.481821,0.299106,0.0867698,
1.68066,0.46088,0.305044,0.102706,
1.68591,0.440252,0.309731,0.120204,
1.69115,0.418687,0.313794,0.139577,
1.6964,0.397746,0.315669,0.159887,
1.70165,0.375243,0.317544,0.182697,
1.7069,0.353365,0.317544,0.205507,
1.71214,0.331799,0.316919,0.230192,
1.71739,0.308984,0.314419,0.256127,
1.72264,0.287731,0.311294,0.283312,
1.72789,0.26679,0.306606,0.310184,
1.73313,0.246475,0.300981,0.337681,
1.73838,0.22741,0.293794,0.365803,
1.74363,0.208344,0.285981,0.394237,
1.74888,0.189904,0.277231,0.422047,
1.75412,0.174277,0.267543,0.448919,
1.75937,0.158025,0.25723,0.477041,
1.76462,0.143648,0.245668,0.503913,
1.76987,0.130208,0.233167,0.531723,
1.77511,0.118332,0.220355,0.557033,
1.78036,0.108955,0.206604,0.58078,
1.78561,0.100517,0.193479,0.603278,
1.79085,0.0942657,0.180041,0.623276,
1.7961,0.0895776,0.165041,0.643274,
1.80135,0.0861396,0.151916,0.65921,
1.8066,0.0861396,0.137853,0.674208,
1.81184,0.0873898,0.124103,0.686394,
1.81709,0.0902026,0.110665,0.696081,
1.82234,0.0948908,0.0981648,0.70483,
1.82759,0.102079,0.0853521,0.709829,
1.83283,0.110518,0.0734768,0.712329,
1.83808,0.121457,0.0622266,0.711392,
1.84333,0.134271,0.0522264,0.707955,
1.84858,0.148961,0.0425388,0.702643,
1.85382,0.164588,0.0344136,0.693894,
1.85907,0.182091,0.0266009,0.682957,
1.86432,0.200531,0.0203508,0.669209,
1.86957,0.221784,0.0141007,0.652648,
1.87481,0.243349,0.0109757,0.634212,
1.88006,0.265227,0.00753809,0.614214,
1.88531,0.287731,0.00566305,0.591404,
1.89055,0.312422,0.00441303,0.565157,
1.8958,0.338363,0.00472553,0.53891,
1.90105,0.362429,0.00628806,0.511413,
1.9063,0.386495,0.00941312,0.483603,
1.91154,0.41056,0.0131632,0.452669,
1.91679,0.433376,0.0184758,0.423609,
1.92204,0.456504,0.0241009,0.392988,
1.92729,0.47932,0.030976,0.362366,
1.93253,0.500573,0.0391012,0.331432,
1.93778,0.520263,0.0472263,0.301122,
1.94303,0.538391,0.0572265,0.272063,
1.94828,0.554331,0.0672267,0.245191,
1.95352,0.569645,0.0787894,0.217069,
1.95877,0.58246,0.0900397,0.191759,
1.96402,0.593086,0.101915,0.168636,
1.96927,0.60215,0.114103,0.146139,
1.97451,0.608713,0.125665,0.126766,
1.97976,0.613714,0.139103,0.10708,
1.98501,0.617152,0.152228,0.0908319,
1.99025,0.617465,0.165666,0.0761459,
1.9955,0.616527,0.179416,0.0633348,
2.00075,0.613089,0.192229,0.0533358,
2.006,0.607776,0.205667,0.0461491,
2.01124,0.600587,0.218167,0.0405247,
2.01649,0.592149,0.22973,0.0383374,
2.02174,0.580585,0.241293,0.038025,
2.02699,0.568708,0.25223,0.0392748,
2.03223,0.555581,0.262543,0.0442743,
2.03748,0.540266,0.272231,0.0495862,
2.04273,0.524014,0.280981,0.0583353,
2.04798,0.506824,0.289106,0.0692717,
2.05322,0.488696,0.296294,0.0805205,
2.05847,0.469319,0.301606,0.0958314,
2.06372,0.449003,0.307856,0.112392,
2.06897,0.428063,0.311606,0.130515,
2.07421,0.407435,0.315356,0.149576,
2.07946,0.385557,0.316607,0.171136,
2.08471,0.364304,0.317544,0.193009,
2.08996,0.343676,0.317232,0.217069,
2.0952,0.322423,0.315669,0.240504,
2.10045,0.302108,0.312856,0.265501,
2.1057,0.280855,0.310044,0.292373,
2.11094,0.260539,0.304731,0.317995,
2.11619,0.241787,0.298481,0.34518,
2.12144,0.221784,0.292544,0.37299,
2.12669,0.203344,0.283481,0.400799,
2.13193,0.186779,0.275356,0.427671,
2.13718,0.169901,0.265043,0.455794,
2.14243,0.155212,0.255355,0.481728,
2.14768,0.14146,0.24348,0.507663,
2.15292,0.128333,0.23223,0.534535,
2.15817,0.118019,0.21973,0.55797,
2.16342,0.108643,0.206917,0.581093,
2.16867,0.100517,0.194104,0.602028,
2.17391,0.0942657,0.180979,0.622026,
2.17916,0.0898901,0.166916,0.640774,
2.18441,0.0870772,0.153166,0.658272,
2.18966,0.085827,0.139416,0.672646,
2.1949,0.0870772,0.125978,0.684832,
2.20015,0.0895776,0.113165,0.695456,
2.2054,0.0942657,0.100352,0.702643,
2.21064,0.100517,0.0881646,0.709204,
2.21589,0.108643,0.0759769,0.711079,
2.22114,0.118644,0.0653517,0.712017,
2.22639,0.130521,0.055039,0.709204,
2.23163,0.144273,0.0450388,0.704517,
2.23688,0.159587,0.0362886,0.697643,
2.24213,0.17584,0.0294135,0.687332,
2.24738,0.193655,0.0228509,0.674833,
2.25262,0.213658,0.0166008,0.65921,
2.25787,0.233035,0.0125382,0.643586,
2.26312,0.253663,0.00910062,0.624838,
2.26837,0.275854,0.00628806,0.60359,
2.27361,0.29867,0.00472553,0.579843,
2.27886,0.32211,0.00410052,0.556408,
2.28411,0.345239,0.00566305,0.530786,
2.28936,0.369617,0.00722558,0.502351,
2.2946,0.392745,0.0103506,0.475479,
2.29985,0.416499,0.0134757,0.446419,
2.3051,0.439627,0.0191008,0.416423,
2.31034,0.461193,0.0253509,0.386738,
2.31559,0.482446,0.0322261,0.357054,
2.32084,0.503074,0.0403512,0.326745,
2.32609,0.522764,0.0487889,0.29831,
2.33133,0.539329,0.057539,0.270813,
2.33658,0.554956,0.0681642,0.243316,
2.34183,0.569645,0.0781644,0.217381,
2.34708,0.581835,0.0891021,0.192696,
2.35232,0.592774,0.10129,0.169886,
2.35757,0.601525,0.112853,0.148326,
2.36282,0.608401,0.125665,0.127703,
2.36807,0.613714,0.137541,0.109892,
2.37331,0.616527,0.150041,0.0933316,
2.37856,0.618402,0.162541,0.0792706,
2.38381,0.617152,0.175354,0.0667719,
2.38906,0.614964,0.187854,0.0570855,
2.3943,0.609964,0.200979,0.0492738,
2.39955,0.6034,0.213167,0.042712,
2.4048,0.595274,0.225042,0.0395873,
2.41004,0.586835,0.236292,0.0377125,
2.41529,0.575584,0.246918,0.0386499,
2.42054,0.562457,0.25723,0.0411496,
2.42579,0.54933,0.266606,0.0458366,
2.43103,0.53464,0.275981,0.0530234,
2.43628,0.518076,0.284731,0.0620849,
2.44153,0.501198,0.291919,0.0733337,
2.44678,0.482446,0.297856,0.0852075,
2.45202,0.46338,0.304419,0.100518,
2.45727,0.443378,0.308794,0.116767,
2.46252,0.424937,0.312544,0.134577,
2.46777,0.403684,0.315044,0.153638,
2.47301,0.383994,0.316919,0.173948,
2.47826,0.362116,0.317544,0.196133,
2.48351,0.341801,0.316919,0.218006,
2.48876,0.321173,0.315044,0.242378,
2.494,0.300857,0.313481,0.266751,
2.49925,0.280542,0.309731,0.291748,
2.5045,0.261164,0.304731,0.316746,
2.50975,0.242099,0.299731,0.343305,
2.51499,0.223346,0.292856,0.37049,
2.52024,0.205844,0.285043,0.396425,
2.52549,0.190217,0.277543,0.421735,
2.53073,0.173652,0.267856,0.449857,
2.53598,0.159275,0.258168,0.474854,
2.54123,0.146148,0.24723,0.500164,
2.54648,0.133021,0.235355,0.525161,
2.55172,0.122395,0.223792,0.548596,
2.55697,0.113018,0.212229,0.570781,
2.56222,0.10458,0.200042,0.592029,
2.56747,0.0977037,0.186917,0.612965,
2.57271,0.0923905,0.173791,0.6314,
2.57796,0.0886399,0.161604,0.648273,
2.58321,0.0864521,0.148478,0.663584,
2.58846,0.085827,0.135041,0.677333,
2.5937,0.0870772,0.12254,0.688582,
2.59895,0.0905152,0.109415,0.697956,
2.6042,0.0955159,0.0981648,0.70483,
2.60945,0.102079,0.0859771,0.709204,
2.61469,0.10958,0.0747269,0.712017,
2.61994,0.119894,0.0641017,0.712017,
2.62519,0.131146,0.0541015,0.709517,
2.63043,0.144585,0.0453513,0.70483,
2.63568,0.158025,0.0372262,0.697331,
2.64093,0.175215,0.0294135,0.687644,
2.64618,0.193342,0.0228509,0.675458,
2.65142,0.211157,0.0175383,0.661084,
2.65667,0.231785,0.0122257,0.644211,
2.66192,0.251788,0.00910062,0.626401,
2.66717,0.273354,0.00660057,0.605778,
2.67241,0.295857,0.00535055,0.584218,
2.67766,0.318047,0.00472553,0.56047,
2.68291,0.341488,0.00566305,0.534535,
2.68816,0.364304,0.00691308,0.5086,
2.6934,0.38712,0.00941312,0.481416,
2.69865,0.410248,0.0131632,0.453606,
2.7039,0.433064,0.0178508,0.424234,
2.70915,0.454629,0.0234759,0.396112,
2.71439,0.47557,0.029726,0.366428,
2.71964,0.496198,0.0369136,0.337993,
2.72489,0.514325,0.0450388,0.309871,
2.73013,0.53214,0.0534765,0.282374,
2.73538,0.54808,0.0634767,0.25519,
2.74063,0.562769,0.0737893,0.228942,
2.74588,0.577147,0.0844146,0.20332,
2.75112,0.588398,0.0959773,0.17926,
2.75637,0.597149,0.107852,0.1577,
2.76162,0.605901,0.12004,0.13614,
2.76687,0.611526,0.132228,0.117079,
2.77211,0.615589,0.145041,0.0998934,
2.77736,0.617777,0.158166,0.0852075,
2.78261,0.617777,0.170354,0.0717714,
2.78786,0.615902,0.182854,0.0605226,
2.7931,0.612464,0.195979,0.051461,
2.79835,0.606526,0.207542,0.0448992,
2.8036,0.599337,0.220042,0.0398998,
2.80885,0.590586,0.23098,0.038025,
2.81409,0.579334,0.242543,0.0374,
2.81934,0.568083,0.253168,0.0398998,
2.82459,0.555894,0.262855,0.0433369,
2.82984,0.541204,0.271918,0.0492738,
2.83508,0.525889,0.280668,0.0573979,
2.84033,0.508387,0.288481,0.0680218,
2.84558,0.491197,0.295044,0.0795831,
2.85082,0.472757,0.301606,0.0930192,
2.85607,0.454004,0.306606,0.108643,
2.86132,0.433689,0.310981,0.124891,
2.86657,0.414936,0.313794,0.143014,
2.87181,0.393683,0.316607,0.162699,
2.87706,0.37368,0.317232,0.183947,
2.88231,0.35274,0.317232,0.206445,
2.88756,0.332112,0.316607,0.228942,
2.8928,0.312422,0.314731,0.252377,
2.89805,0.292731,0.311919,0.277062,
2.9033,0.272416,0.307856,0.302372,
2.90855,0.253351,0.302544,0.328932,
2.91379,0.234286,0.295981,0.355804,
2.91904,0.216158,0.289418,0.382364,
2.92429,0.198655,0.281918,0.407674,
2.92954,0.182716,0.273168,0.434546,
2.93478,0.167401,0.263168,0.460793,
2.94003,0.153024,0.253168,0.486728,
2.94528,0.139585,0.24223,0.5111,
2.95052,0.12802,0.230355,0.536723,
2.95577,0.117394,0.21848,0.56047,
2.96102,0.108018,0.205979,0.582343,
2.96627,0.100517,0.193479,0.602653,
2.97151,0.0948908,0.180354,0.622339,
2.97676,0.0898901,0.167229,0.639837,
2.98201,0.0870772,0.153791,0.65671,
2.98726,0.0861396,0.140666,0.671083,
2.9925,0.0870772,0.128165,0.682645,
2.99775,0.0889525,0.115665,0.693581,
3.003,0.0933281,0.103165,0.70108,
3.00825,0.0980163,0.0919147,0.70733,
3.01349,0.105517,0.080977,0.711079,
3.01874,0.114269,0.0697268,0.712329,
3.02399,0.12427,0.0600391,0.710454,
3.02924,0.136772,0.0503514,0.707642,
3.03448,0.149273,0.0425388,0.701705,
3.03973,0.164901,0.0341011,0.694518,
3.04498,0.179903,0.0275385,0.684519,
3.05022,0.19803,0.0209758,0.671083,
3.05547,0.216158,0.0156632,0.656397,
3.06072,0.235848,0.0112882,0.639212,
3.06597,0.257101,0.0081631,0.621401,
3.07121,0.277729,0.00628806,0.600466,
3.07646,0.298982,0.00503804,0.579218,
3.08171,0.32086,0.00441303,0.55672,
3.08696,0.343676,0.00535055,0.532348,
3.0922,0.365867,0.00753809,0.506101,
3.09745,0.388682,0.0103506,0.478916,
3.1027,0.410248,0.0134757,0.452981,
3.10795,0.432751,0.0181633,0.424547,
3.11319,0.454317,0.0231634,0.396112,
3.11844,0.474319,0.029726,0.367053,
3.12369,0.494322,0.0369136,0.340181,
3.12894,0.51245,0.0441013,0.311746,
3.13418,0.531203,0.053164,0.283937,
3.13943,0.546205,0.0625391,0.258002,
3.14468,0.561207,0.0719143,0.232692,
3.14993,0.574021,0.0825395,0.208007,
3.15517,0.585273,0.0928522,0.185197,
3.16042,0.595587,0.104415,0.163012,
3.16567,0.602775,0.115665,0.143014,
3.17091,0.609964,0.126915,0.125203,
3.17616,0.613402,0.139416,0.107393,
3.18141,0.616527,0.150666,0.0930192,
3.18666,0.617152,0.162541,0.0786457,
3.1919,0.61684,0.174729,0.0670844,
3.19715,0.614652,0.187229,0.0570855,
3.2024,0.610589,0.199417,0.0495862,
3.20765,0.604338,0.210979,0.0433369,
3.21289,0.596837,0.222855,0.0398998,
3.21814,0.587773,0.234417,0.0377125,
3.22339,0.577147,0.24473,0.038025,
3.22864,0.56527,0.25473,0.0405247,
3.23388,0.552143,0.264105,0.0448992,
3.23913,0.538391,0.273168,0.0511486,
3.24438,0.524014,0.281293,0.0586478,
3.24963,0.507137,0.288793,0.0686467,
3.25487,0.489322,0.295356,0.0805205,
3.26012,0.472757,0.300981,0.0936441,
3.26537,0.453379,0.305981,0.108643,
3.27061,0.434314,0.310669,0.125203,
3.27586,0.414936,0.313794,0.142077,
3.28111,0.395558,0.315669,0.161137,
3.28636,0.375243,0.317544,0.181447,
3.2916,0.355553,0.316919,0.203008,
3.29685,0.335862,0.316919,0.224568,
3.3021,0.316172,0.314731,0.247378,
3.30735,0.296794,0.312544,0.27175,
3.31259,0.277417,0.308481,0.29581,
3.31784,0.258664,0.304106,0.320495,
3.32309,0.240849,0.298794,0.34518,
3.32834,0.223346,0.292544,0.37049,
3.33358,0.206469,0.285356,0.3958,
3.33883,0.190842,0.277543,0.42111,
3.34408,0.175527,0.268793,0.446107,
3.34933,0.161463,0.259418,0.470479,
3.35457,0.148336,0.249105,0.494852,
3.35982,0.135834,0.238167,0.519224,
3.36507,0.124895,0.226605,0.542347,
3.37031,0.115206,0.215667,0.563907,
3.37556,0.106767,0.203792,0.584842,
3.38081,0.099579,0.191292,0.60484,
3.38606,0.0948908,0.179729,0.623276,
3.3913,0.0898901,0.167541,0.639524,
3.39655,0.0877023,0.154728,0.655148,
3.4018,0.0861396,0.141916,0.668896,
3.40705,0.0867647,0.129415,0.681707,
3.41229,0.0886399,0.116915,0.691706,
3.41754,0.0923905,0.105665,0.69983,
3.42279,0.0970786,0.0941022,0.705455,
3.42804,0.103642,0.0831645,0.710142,
3.43328,0.112081,0.0722268,0.711392,
3.43853,0.12177,0.0625391,0.711392,
3.44378,0.132396,0.053789,0.708579,
3.44903,0.144273,0.0447263,0.703268,
3.45427,0.158337,0.0369136,0.696706,
3.45952,0.173652,0.0300385,0.688582,
3.46477,0.189592,0.0241009,0.67702,
3.47001,0.207094,0.0184758,0.663897,
3.47526,0.224597,0.0141007,0.649211,
3.48051,0.243662,0.0103506,0.633275,
3.48576,0.262414,0.00753809,0.614839,
3.491,0.28273,0.00628806,0.596091,
3.49625,0.303045,0.00472553,0.574219,
3.5015,0.323673,0.00472553,0.553908,
3.50675,0.345239,0.00535055,0.529848,
3.51199,0.366804,0.00628806,0.505163,
3.51724,0.38712,0.00910062,0.480478,
3.52249,0.408685,0.0125382,0.453919,
3.52774,0.430251,0.0172258,0.427047,
3.53298,0.450254,0.0219134,0.400799,
3.53823,0.470881,0.0281635,0.373302,
3.54348,0.489009,0.0347261,0.34643,
3.54873,0.507449,0.0419137,0.31987,
3.55397,0.524014,0.0503514,0.293936,
3.55922,0.540266,0.0587891,0.267376,
3.56447,0.554018,0.0678517,0.242691,
3.56972,0.568083,0.0778519,0.218943,
3.57496,0.579959,0.0881646,0.195821,
3.58021,0.589961,0.0981648,0.173948,
3.58546,0.598712,0.109103,0.153638,
3.5907,0.605588,0.120665,0.13489,
3.59595,0.610589,0.13129,0.117704,
3.6012,0.614339,0.142541,0.102081,
3.60645,0.61684,0.154416,0.0877072,
3.61169,0.61684,0.165979,0.075521,
3.61694,0.616527,0.177229,0.0648971,
3.62219,0.613714,0.188792,0.0561481,
3.62744,0.610276,0.200042,0.0489613,
3.63268,0.60465,0.210354,0.0430244,
3.63793,0.597462,0.22098,0.0402122,
3.64318,0.589648,0.23098,0.0377125,
3.64843,0.580897,0.241605,0.0377125,
3.65367,0.569958,0.250355,0.0386499,
3.65892,0.557769,0.259418,0.042712,
3.66417,0.545892,0.268481,0.0477114,
3.66942,0.531828,0.275668,0.0536483,
3.67466,0.517451,0.283793,0.06146,
3.67991,0.502136,0.290669,0.0717714,
3.68516,0.486509,0.296294,0.0830202,
3.6904,0.469319,0.302231,0.0958314,
3.69565,0.451816,0.306294,0.109267,
3.7009,0.433689,0.310044,0.125516,
3.70615,0.415874,0.313481,0.141452,
3.71139,0.397434,0.315356,0.158325,
3.71664,0.379619,0.316607,0.176448,
3.72189,0.361178,0.317544,0.196133,
3.72714,0.342738,0.317232,0.216444,
3.73238,0.323673,0.315356,0.238629,
3.73763,0.305858,0.313169,0.260189,
3.74288,0.287731,0.310356,0.282374,
3.74813,0.269603,0.306919,0.305497,
3.75337,0.252413,0.302544,0.328932,
3.75862,0.236161,0.297231,0.352054,
3.76387,0.219908,0.290669,0.376114,
3.76912,0.204906,0.284418,0.3983,
3.77436,0.189904,0.276918,0.422672,
3.77961,0.17709,0.268793,0.44392,
3.78486,0.163963,0.260668,0.465792,
3.7901,0.152086,0.252543,0.487665,
3.79535,0.141147,0.242543,0.508288,
3.8006,0.130521,0.23348,0.529223,
3.80585,0.121457,0.22348,0.549221,
3.81109,0.113018,0.213167,0.568594,
3.81634,0.106142,0.202229,0.587342,
3.82159,0.0998915,0.190979,0.605153,
3.82684,0.0948908,0.180666,0.621089,
3.83208,0.0911403,0.169416,0.634837,
3.83733,0.0883274,0.159103,0.649211,
3.84258,0.0867647,0.148478,0.661084,
3.84783,0.0861396,0.138478,0.672333,
3.85307,0.0861396,0.127853,0.682645,
3.85832,0.0883274,0.117853,0.690769,
3.86357,0.0911403,0.10754,0.697643,
3.86882,0.0948908,0.0978523,0.703892,
3.87406,0.0998915,0.0884771,0.70733,
3.87931,0.106142,0.0794145,0.709829,
3.88456,0.113643,0.0706643,0.711392,
3.88981,0.122082,0.0625391,0.711079,
3.89505,0.130208,0.0547265,0.709204,
3.9003,0.141147,0.0472263,0.70483,
3.90555,0.151774,0.0406637,0.700143,
3.91079,0.163651,0.0347261,0.693581,
3.91604,0.176777,0.0287885,0.685457,
3.92129,0.190217,0.0234759,0.676083,
3.92654,0.204906,0.0187883,0.665459,
3.93178,0.219596,0.0150382,0.653898,
3.93703,0.234286,0.0122257,0.640774,
3.94228,0.249913,0.00910062,0.626713,
3.94753,0.266165,0.00753809,0.611715,
3.95277,0.283042,0.00597556,0.595154,
3.95802,0.300857,0.00472553,0.576093,
3.96327,0.318672,0.00472553,0.557033,
3.96852,0.338988,0.00535055,0.53641,
3.97376,0.358366,0.00628806,0.515475,
3.97901,0.377431,0.0081631,0.492665,
3.98426,0.396808,0.0109757,0.468605,
3.98951,0.414936,0.0137882,0.447044,
3.99475,0.432126,0.0181633,0.423297,
